"","Var1","Var2","Freq","Var1.1","Var2.1","Freq.1","Var1.2","Var2.2","Freq.2"
"1","1-Methylnaphthalene sediment  (ug/Kg)","FALSE",0,"1-Methylnaphthalene sediment  (ug/Kg)","FALSE",0,"1-Methylnaphthalene sediment  (ug/Kg)","FALSE",0
"2","1-Methylnaphthalene water  (ug/L)","FALSE",0,"1-Methylnaphthalene water  (ug/L)","FALSE",0,"1-Methylnaphthalene water  (ug/L)","FALSE",0
"3","2-Methylnaphthalene sediment  (ug/Kg)","FALSE",0,"2-Methylnaphthalene sediment  (ug/Kg)","FALSE",0,"2-Methylnaphthalene sediment  (ug/Kg)","FALSE",0
"4","2-Methylnaphthalene water  (ug/L)","FALSE",0,"2-Methylnaphthalene water  (ug/L)","FALSE",0,"2-Methylnaphthalene water  (ug/L)","FALSE",0
"5","2-Nitrophenol sediment  (ug/Kg)","FALSE",0,"2-Nitrophenol sediment  (ug/Kg)","FALSE",0,"2-Nitrophenol sediment  (ug/Kg)","FALSE",0
"6","2,4-D sediment  (ug/Kg)","FALSE",0,"2,4-D sediment  (ug/Kg)","FALSE",0,"2,4-D sediment  (ug/Kg)","FALSE",0
"7","2,4-D water  (ug/L)","FALSE",0,"2,4-D water  (ug/L)","FALSE",0,"2,4-D water  (ug/L)","FALSE",0
"8","2,4-Dichlorophenol sediment  (ug/Kg)","FALSE",0,"2,4-Dichlorophenol sediment  (ug/Kg)","FALSE",0,"2,4-Dichlorophenol sediment  (ug/Kg)","FALSE",0
"9","2,4-Dimethylphenol sediment  (ug/Kg)","FALSE",0,"2,4-Dimethylphenol sediment  (ug/Kg)","FALSE",0,"2,4-Dimethylphenol sediment  (ug/Kg)","FALSE",0
"10","2,4,5-Trichlorophenol sediment  (ug/Kg)","FALSE",0,"2,4,5-Trichlorophenol sediment  (ug/Kg)","FALSE",0,"2,4,5-Trichlorophenol sediment  (ug/Kg)","FALSE",0
"11","2,4,6-Trichlorophenol sediment  (ug/Kg)","FALSE",0,"2,4,6-Trichlorophenol sediment  (ug/Kg)","FALSE",0,"2,4,6-Trichlorophenol sediment  (ug/Kg)","FALSE",0
"12","4-Chloro-3-Methylphenol sediment  (ug/Kg)","FALSE",0,"4-Chloro-3-Methylphenol sediment  (ug/Kg)","FALSE",0,"4-Chloro-3-Methylphenol sediment  (ug/Kg)","FALSE",0
"13","4-Nitrophenol sediment  (ug/Kg)","FALSE",0,"4-Nitrophenol sediment  (ug/Kg)","FALSE",0,"4-Nitrophenol sediment  (ug/Kg)","FALSE",0
"14","Acenaphthene sediment  (ug/Kg)","FALSE",0,"Acenaphthene sediment  (ug/Kg)","FALSE",0,"Acenaphthene sediment  (ug/Kg)","FALSE",0
"15","Acenaphthene water  (ug/L)","FALSE",0,"Acenaphthene water  (ug/L)","FALSE",0,"Acenaphthene water  (ug/L)","FALSE",0
"16","Acenaphthylene sediment  (ug/Kg)","FALSE",0,"Acenaphthylene sediment  (ug/Kg)","FALSE",0,"Acenaphthylene sediment  (ug/Kg)","FALSE",0
"17","Acenaphthylene water  (ug/L)","FALSE",0,"Acenaphthylene water  (ug/L)","FALSE",0,"Acenaphthylene water  (ug/L)","FALSE",634
"18","Ammonia water  (ug/L)","FALSE",71,"Ammonia water  (ug/L)","FALSE",0,"Ammonia water  (ug/L)","FALSE",0
"19","Anthracene sediment  (ug/Kg)","FALSE",0,"Anthracene sediment  (ug/Kg)","FALSE",0,"Anthracene sediment  (ug/Kg)","FALSE",0
"20","Anthracene water  (ug/L)","FALSE",0,"Anthracene water  (ug/L)","FALSE",0,"Anthracene water  (ug/L)","FALSE",634
"21","Arsenic water dissolved (ug/L)","FALSE",16,"Arsenic water dissolved (ug/L)","FALSE",16,"Arsenic water dissolved (ug/L)","FALSE",0
"22","Benz(a)anthracene sediment  (ug/Kg)","FALSE",0,"Benz(a)anthracene sediment  (ug/Kg)","FALSE",0,"Benz(a)anthracene sediment  (ug/Kg)","FALSE",0
"23","Benz(a)anthracene water  (ug/L)","FALSE",0,"Benz(a)anthracene water  (ug/L)","FALSE",0,"Benz(a)anthracene water  (ug/L)","FALSE",21
"24","Benzene water  (ug/L)","FALSE",0,"Benzene water  (ug/L)","FALSE",0,"Benzene water  (ug/L)","FALSE",0
"25","Benzo(a)pyrene sediment  (ug/Kg)","FALSE",0,"Benzo(a)pyrene sediment  (ug/Kg)","FALSE",0,"Benzo(a)pyrene sediment  (ug/Kg)","FALSE",0
"26","Benzo(a)pyrene water  (ug/L)","FALSE",0,"Benzo(a)pyrene water  (ug/L)","FALSE",0,"Benzo(a)pyrene water  (ug/L)","FALSE",0
"27","Benzo(b)fluoranthene sediment  (ug/Kg)","FALSE",0,"Benzo(b)fluoranthene sediment  (ug/Kg)","FALSE",0,"Benzo(b)fluoranthene sediment  (ug/Kg)","FALSE",0
"28","Benzo(b)fluoranthene water  (ug/L)","FALSE",0,"Benzo(b)fluoranthene water  (ug/L)","FALSE",0,"Benzo(b)fluoranthene water  (ug/L)","FALSE",0
"29","Benzo(b,k)fluoranthene sediment  (ug/Kg)","FALSE",0,"Benzo(b,k)fluoranthene sediment  (ug/Kg)","FALSE",0,"Benzo(b,k)fluoranthene sediment  (ug/Kg)","FALSE",0
"30","Benzo(b,k)fluoranthene water  (ug/L)","FALSE",0,"Benzo(b,k)fluoranthene water  (ug/L)","FALSE",0,"Benzo(b,k)fluoranthene water  (ug/L)","FALSE",0
"31","Benzo(g,h,i)perylene sediment  (ug/Kg)","FALSE",0,"Benzo(g,h,i)perylene sediment  (ug/Kg)","FALSE",0,"Benzo(g,h,i)perylene sediment  (ug/Kg)","FALSE",0
"32","Benzo(g,h,i)perylene water  (ug/L)","FALSE",0,"Benzo(g,h,i)perylene water  (ug/L)","FALSE",0,"Benzo(g,h,i)perylene water  (ug/L)","FALSE",0
"33","Benzo(k)fluoranthene sediment  (ug/Kg)","FALSE",0,"Benzo(k)fluoranthene sediment  (ug/Kg)","FALSE",0,"Benzo(k)fluoranthene sediment  (ug/Kg)","FALSE",0
"34","Benzo(k)fluoranthene water  (ug/L)","FALSE",0,"Benzo(k)fluoranthene water  (ug/L)","FALSE",0,"Benzo(k)fluoranthene water  (ug/L)","FALSE",0
"35","Benzofluoranthenes, Total sediment  (ug/Kg)","FALSE",0,"Benzofluoranthenes, Total sediment  (ug/Kg)","FALSE",0,"Benzofluoranthenes, Total sediment  (ug/Kg)","FALSE",0
"36","Benzofluoranthenes, Total water  (ug/L)","FALSE",0,"Benzofluoranthenes, Total water  (ug/L)","FALSE",0,"Benzofluoranthenes, Total water  (ug/L)","FALSE",0
"37","Biochemical Oxygen Demand water  (ug/L)","FALSE",0,"Biochemical Oxygen Demand water  (ug/L)","FALSE",0,"Biochemical Oxygen Demand water  (ug/L)","FALSE",0
"38","Bis(2-ethylhexyl) phthalate sediment  (ug/Kg)","FALSE",0,"Bis(2-ethylhexyl) phthalate sediment  (ug/Kg)","FALSE",0,"Bis(2-ethylhexyl) phthalate sediment  (ug/Kg)","FALSE",0
"39","Bis(2-ethylhexyl) phthalate water  (ug/L)","FALSE",0,"Bis(2-ethylhexyl) phthalate water  (ug/L)","FALSE",0,"Bis(2-ethylhexyl) phthalate water  (ug/L)","FALSE",392
"40","BTEX water  (ug/L)","FALSE",0,"BTEX water  (ug/L)","FALSE",0,"BTEX water  (ug/L)","FALSE",0
"41","Butyl benzyl phthalate sediment  (ug/Kg)","FALSE",0,"Butyl benzyl phthalate sediment  (ug/Kg)","FALSE",0,"Butyl benzyl phthalate sediment  (ug/Kg)","FALSE",0
"42","Butyl benzyl phthalate water  (ug/L)","FALSE",0,"Butyl benzyl phthalate water  (ug/L)","FALSE",0,"Butyl benzyl phthalate water  (ug/L)","FALSE",633
"43","Cadmium sediment  (ug/Kg)","FALSE",0,"Cadmium sediment  (ug/Kg)","FALSE",0,"Cadmium sediment  (ug/Kg)","FALSE",0
"44","Cadmium water  (ug/L)","FALSE",572,"Cadmium water  (ug/L)","FALSE",530,"Cadmium water  (ug/L)","FALSE",0
"45","Cadmium water dissolved (ug/L)","FALSE",631,"Cadmium water dissolved (ug/L)","FALSE",630,"Cadmium water dissolved (ug/L)","FALSE",0
"46","Calcium water  (ug/L)","FALSE",0,"Calcium water  (ug/L)","FALSE",0,"Calcium water  (ug/L)","FALSE",0
"47","Calcium water dissolved (ug/L)","FALSE",0,"Calcium water dissolved (ug/L)","FALSE",0,"Calcium water dissolved (ug/L)","FALSE",0
"48","Chloride water  (ug/L)","FALSE",550,"Chloride water  (ug/L)","FALSE",547,"Chloride water  (ug/L)","FALSE",0
"49","Chlorpyrifos sediment  (ug/Kg)","FALSE",0,"Chlorpyrifos sediment  (ug/Kg)","FALSE",0,"Chlorpyrifos sediment  (ug/Kg)","FALSE",0
"50","Chlorpyrifos water  (ug/L)","FALSE",353,"Chlorpyrifos water  (ug/L)","FALSE",347,"Chlorpyrifos water  (ug/L)","FALSE",0
"51","Chrysene sediment  (ug/Kg)","FALSE",0,"Chrysene sediment  (ug/Kg)","FALSE",0,"Chrysene sediment  (ug/Kg)","FALSE",0
"52","Chrysene water  (ug/L)","FALSE",0,"Chrysene water  (ug/L)","FALSE",0,"Chrysene water  (ug/L)","FALSE",0
"53","Conductivity water  (uS/cm)","FALSE",0,"Conductivity water  (uS/cm)","FALSE",0,"Conductivity water  (uS/cm)","FALSE",0
"54","Copper sediment  (ug/Kg)","FALSE",0,"Copper sediment  (ug/Kg)","FALSE",0,"Copper sediment  (ug/Kg)","FALSE",0
"55","Copper water  (ug/L)","FALSE",151,"Copper water  (ug/L)","FALSE",108,"Copper water  (ug/L)","FALSE",0
"56","Copper water dissolved (ug/L)","FALSE",291,"Copper water dissolved (ug/L)","FALSE",245,"Copper water dissolved (ug/L)","FALSE",0
"57","CPAH sediment  (ug/Kg)","FALSE",0,"CPAH sediment  (ug/Kg)","FALSE",0,"CPAH sediment  (ug/Kg)","FALSE",0
"58","CPAH water  (ug/L)","FALSE",0,"CPAH water  (ug/L)","FALSE",0,"CPAH water  (ug/L)","FALSE",0
"59","Di-N-Octyl Phthalate sediment  (ug/Kg)","FALSE",0,"Di-N-Octyl Phthalate sediment  (ug/Kg)","FALSE",0,"Di-N-Octyl Phthalate sediment  (ug/Kg)","FALSE",0
"60","Di-N-Octyl Phthalate water  (ug/L)","FALSE",0,"Di-N-Octyl Phthalate water  (ug/L)","FALSE",0,"Di-N-Octyl Phthalate water  (ug/L)","FALSE",0
"61","Diazinon sediment  (ug/Kg)","FALSE",0,"Diazinon sediment  (ug/Kg)","FALSE",0,"Diazinon sediment  (ug/Kg)","FALSE",0
"62","Diazinon water  (ug/L)","FALSE",625,"Diazinon water  (ug/L)","FALSE",487,"Diazinon water  (ug/L)","FALSE",0
"63","Dibenzo(a,h)anthracene sediment  (ug/Kg)","FALSE",0,"Dibenzo(a,h)anthracene sediment  (ug/Kg)","FALSE",0,"Dibenzo(a,h)anthracene sediment  (ug/Kg)","FALSE",0
"64","Dibenzo(a,h)anthracene water  (ug/L)","FALSE",0,"Dibenzo(a,h)anthracene water  (ug/L)","FALSE",0,"Dibenzo(a,h)anthracene water  (ug/L)","FALSE",0
"65","Dibutyl phthalate sediment  (ug/Kg)","FALSE",0,"Dibutyl phthalate sediment  (ug/Kg)","FALSE",0,"Dibutyl phthalate sediment  (ug/Kg)","FALSE",0
"66","Dibutyl phthalate water  (ug/L)","FALSE",0,"Dibutyl phthalate water  (ug/L)","FALSE",0,"Dibutyl phthalate water  (ug/L)","FALSE",633
"67","Dichlobenil sediment  (ug/Kg)","FALSE",0,"Dichlobenil sediment  (ug/Kg)","FALSE",0,"Dichlobenil sediment  (ug/Kg)","FALSE",0
"68","Dichlobenil water  (ug/L)","FALSE",0,"Dichlobenil water  (ug/L)","FALSE",0,"Dichlobenil water  (ug/L)","FALSE",0
"69","Diesel Fuel sediment  (ug/Kg)","FALSE",0,"Diesel Fuel sediment  (ug/Kg)","FALSE",0,"Diesel Fuel sediment  (ug/Kg)","FALSE",0
"70","Diesel Fuel water  (ug/L)","FALSE",0,"Diesel Fuel water  (ug/L)","FALSE",0,"Diesel Fuel water  (ug/L)","FALSE",0
"71","Diesel Range Organics sediment  (ug/Kg)","FALSE",0,"Diesel Range Organics sediment  (ug/Kg)","FALSE",0,"Diesel Range Organics sediment  (ug/Kg)","FALSE",0
"72","Diesel Range Organics water  (ug/L)","FALSE",0,"Diesel Range Organics water  (ug/L)","FALSE",0,"Diesel Range Organics water  (ug/L)","FALSE",0
"73","Diethyl phthalate sediment  (ug/Kg)","FALSE",0,"Diethyl phthalate sediment  (ug/Kg)","FALSE",0,"Diethyl phthalate sediment  (ug/Kg)","FALSE",0
"74","Diethyl phthalate water  (ug/L)","FALSE",0,"Diethyl phthalate water  (ug/L)","FALSE",0,"Diethyl phthalate water  (ug/L)","FALSE",634
"75","Dimethyl phthalate sediment  (ug/Kg)","FALSE",0,"Dimethyl phthalate sediment  (ug/Kg)","FALSE",0,"Dimethyl phthalate sediment  (ug/Kg)","FALSE",0
"76","Dimethyl phthalate water  (ug/L)","FALSE",0,"Dimethyl phthalate water  (ug/L)","FALSE",0,"Dimethyl phthalate water  (ug/L)","FALSE",634
"77","Ethylbenzene water  (ug/L)","FALSE",0,"Ethylbenzene water  (ug/L)","FALSE",0,"Ethylbenzene water  (ug/L)","FALSE",0
"78","Fecal coliform water  (cfu/100mL)","FALSE",0,"Fecal coliform water  (cfu/100mL)","FALSE",0,"Fecal coliform water  (cfu/100mL)","FALSE",0
"79","Fines sediment  (%)","FALSE",0,"Fines sediment  (%)","FALSE",0,"Fines sediment  (%)","FALSE",0
"80","Fluoranthene sediment  (ug/Kg)","FALSE",0,"Fluoranthene sediment  (ug/Kg)","FALSE",0,"Fluoranthene sediment  (ug/Kg)","FALSE",0
"81","Fluoranthene water  (ug/L)","FALSE",0,"Fluoranthene water  (ug/L)","FALSE",0,"Fluoranthene water  (ug/L)","FALSE",633
"82","Fluorene sediment  (ug/Kg)","FALSE",0,"Fluorene sediment  (ug/Kg)","FALSE",0,"Fluorene sediment  (ug/Kg)","FALSE",0
"83","Fluorene water  (ug/L)","FALSE",0,"Fluorene water  (ug/L)","FALSE",0,"Fluorene water  (ug/L)","FALSE",634
"84","Gasoline Range Organics water  (ug/L)","FALSE",0,"Gasoline Range Organics water  (ug/L)","FALSE",0,"Gasoline Range Organics water  (ug/L)","FALSE",0
"85","Gravel sediment  (%)","FALSE",0,"Gravel sediment  (%)","FALSE",0,"Gravel sediment  (%)","FALSE",0
"86","Hardness as CaCO3 water  (ug/L)","FALSE",0,"Hardness as CaCO3 water  (ug/L)","FALSE",0,"Hardness as CaCO3 water  (ug/L)","FALSE",0
"87","Heavy Fuel Oil sediment  (ug/Kg)","FALSE",0,"Heavy Fuel Oil sediment  (ug/Kg)","FALSE",0,"Heavy Fuel Oil sediment  (ug/Kg)","FALSE",0
"88","Heavy Fuel Oil water  (ug/L)","FALSE",0,"Heavy Fuel Oil water  (ug/L)","FALSE",0,"Heavy Fuel Oil water  (ug/L)","FALSE",0
"89","HPAH sediment  (ug/Kg)","FALSE",0,"HPAH sediment  (ug/Kg)","FALSE",0,"HPAH sediment  (ug/Kg)","FALSE",0
"90","HPAH water  (ug/L)","FALSE",0,"HPAH water  (ug/L)","FALSE",0,"HPAH water  (ug/L)","FALSE",0
"91","Indeno(1,2,3-cd)pyrene sediment  (ug/Kg)","FALSE",0,"Indeno(1,2,3-cd)pyrene sediment  (ug/Kg)","FALSE",0,"Indeno(1,2,3-cd)pyrene sediment  (ug/Kg)","FALSE",0
"92","Indeno(1,2,3-cd)pyrene water  (ug/L)","FALSE",0,"Indeno(1,2,3-cd)pyrene water  (ug/L)","FALSE",0,"Indeno(1,2,3-cd)pyrene water  (ug/L)","FALSE",0
"93","Lead sediment  (ug/Kg)","FALSE",0,"Lead sediment  (ug/Kg)","FALSE",0,"Lead sediment  (ug/Kg)","FALSE",0
"94","Lead water  (ug/L)","FALSE",403,"Lead water  (ug/L)","FALSE",73,"Lead water  (ug/L)","FALSE",0
"95","Lead water dissolved (ug/L)","FALSE",624,"Lead water dissolved (ug/L)","FALSE",412,"Lead water dissolved (ug/L)","FALSE",0
"96","LPAH sediment  (ug/Kg)","FALSE",0,"LPAH sediment  (ug/Kg)","FALSE",0,"LPAH sediment  (ug/Kg)","FALSE",0
"97","LPAH water  (ug/L)","FALSE",0,"LPAH water  (ug/L)","FALSE",0,"LPAH water  (ug/L)","FALSE",0
"98","Lube Oil water  (ug/L)","FALSE",0,"Lube Oil water  (ug/L)","FALSE",0,"Lube Oil water  (ug/L)","FALSE",0
"99","Magnesium water  (ug/L)","FALSE",0,"Magnesium water  (ug/L)","FALSE",0,"Magnesium water  (ug/L)","FALSE",0
"100","Magnesium water dissolved (ug/L)","FALSE",0,"Magnesium water dissolved (ug/L)","FALSE",0,"Magnesium water dissolved (ug/L)","FALSE",0
"101","Malathion sediment  (ug/Kg)","FALSE",0,"Malathion sediment  (ug/Kg)","FALSE",0,"Malathion sediment  (ug/Kg)","FALSE",0
"102","Malathion water  (ug/L)","FALSE",0,"Malathion water  (ug/L)","FALSE",0,"Malathion water  (ug/L)","FALSE",0
"103","Mecoprop sediment  (ug/Kg)","FALSE",0,"Mecoprop sediment  (ug/Kg)","FALSE",0,"Mecoprop sediment  (ug/Kg)","FALSE",0
"104","Mecoprop water  (ug/L)","FALSE",0,"Mecoprop water  (ug/L)","FALSE",0,"Mecoprop water  (ug/L)","FALSE",0
"105","Mercury sediment  (ug/Kg)","FALSE",0,"Mercury sediment  (ug/Kg)","FALSE",0,"Mercury sediment  (ug/Kg)","FALSE",0
"106","Mercury water  (ug/L)","FALSE",455,"Mercury water  (ug/L)","FALSE",24,"Mercury water  (ug/L)","FALSE",441
"107","Mercury water dissolved (ug/L)","FALSE",444,"Mercury water dissolved (ug/L)","FALSE",27,"Mercury water dissolved (ug/L)","FALSE",0
"108","Motor Oil sediment  (ug/Kg)","FALSE",0,"Motor Oil sediment  (ug/Kg)","FALSE",0,"Motor Oil sediment  (ug/Kg)","FALSE",0
"109","Motor Oil water  (ug/L)","FALSE",0,"Motor Oil water  (ug/L)","FALSE",0,"Motor Oil water  (ug/L)","FALSE",0
"110","Naphthalene sediment  (ug/Kg)","FALSE",0,"Naphthalene sediment  (ug/Kg)","FALSE",0,"Naphthalene sediment  (ug/Kg)","FALSE",0
"111","Naphthalene water  (ug/L)","FALSE",0,"Naphthalene water  (ug/L)","FALSE",0,"Naphthalene water  (ug/L)","FALSE",0
"112","Nitrite-Nitrate water dissolved (ug/L)","FALSE",0,"Nitrite-Nitrate water dissolved (ug/L)","FALSE",0,"Nitrite-Nitrate water dissolved (ug/L)","FALSE",0
"113","o-Cresol sediment  (ug/Kg)","FALSE",0,"o-Cresol sediment  (ug/Kg)","FALSE",0,"o-Cresol sediment  (ug/Kg)","FALSE",0
"114","Oil and grease water  (ug/L)","FALSE",0,"Oil and grease water  (ug/L)","FALSE",0,"Oil and grease water  (ug/L)","FALSE",0
"115","Ortho-phosphate water dissolved (ug/L)","FALSE",0,"Ortho-phosphate water dissolved (ug/L)","FALSE",0,"Ortho-phosphate water dissolved (ug/L)","FALSE",0
"116","p-Cresol sediment  (ug/Kg)","FALSE",0,"p-Cresol sediment  (ug/Kg)","FALSE",0,"p-Cresol sediment  (ug/Kg)","FALSE",0
"117","p-Cresol water  (ug/L)","FALSE",0,"p-Cresol water  (ug/L)","FALSE",0,"p-Cresol water  (ug/L)","FALSE",0
"118","PCB-aroclor 1016 sediment  (ug/Kg)","FALSE",0,"PCB-aroclor 1016 sediment  (ug/Kg)","FALSE",0,"PCB-aroclor 1016 sediment  (ug/Kg)","FALSE",0
"119","PCB-aroclor 1016 water  (ug/L)","FALSE",0,"PCB-aroclor 1016 water  (ug/L)","FALSE",0,"PCB-aroclor 1016 water  (ug/L)","FALSE",0
"120","PCB-aroclor 1221 sediment  (ug/Kg)","FALSE",0,"PCB-aroclor 1221 sediment  (ug/Kg)","FALSE",0,"PCB-aroclor 1221 sediment  (ug/Kg)","FALSE",0
"121","PCB-aroclor 1221 water  (ug/L)","FALSE",0,"PCB-aroclor 1221 water  (ug/L)","FALSE",0,"PCB-aroclor 1221 water  (ug/L)","FALSE",0
"122","PCB-aroclor 1232 sediment  (ug/Kg)","FALSE",0,"PCB-aroclor 1232 sediment  (ug/Kg)","FALSE",0,"PCB-aroclor 1232 sediment  (ug/Kg)","FALSE",0
"123","PCB-aroclor 1232 water  (ug/L)","FALSE",0,"PCB-aroclor 1232 water  (ug/L)","FALSE",0,"PCB-aroclor 1232 water  (ug/L)","FALSE",0
"124","PCB-aroclor 1242 sediment  (ug/Kg)","FALSE",0,"PCB-aroclor 1242 sediment  (ug/Kg)","FALSE",0,"PCB-aroclor 1242 sediment  (ug/Kg)","FALSE",0
"125","PCB-aroclor 1242 water  (ug/L)","FALSE",0,"PCB-aroclor 1242 water  (ug/L)","FALSE",0,"PCB-aroclor 1242 water  (ug/L)","FALSE",0
"126","PCB-aroclor 1248 sediment  (ug/Kg)","FALSE",0,"PCB-aroclor 1248 sediment  (ug/Kg)","FALSE",0,"PCB-aroclor 1248 sediment  (ug/Kg)","FALSE",0
"127","PCB-aroclor 1248 water  (ug/L)","FALSE",0,"PCB-aroclor 1248 water  (ug/L)","FALSE",0,"PCB-aroclor 1248 water  (ug/L)","FALSE",0
"128","PCB-aroclor 1254 sediment  (ug/Kg)","FALSE",0,"PCB-aroclor 1254 sediment  (ug/Kg)","FALSE",0,"PCB-aroclor 1254 sediment  (ug/Kg)","FALSE",0
"129","PCB-aroclor 1254 water  (ug/L)","FALSE",0,"PCB-aroclor 1254 water  (ug/L)","FALSE",0,"PCB-aroclor 1254 water  (ug/L)","FALSE",0
"130","PCB-aroclor 1260 sediment  (ug/Kg)","FALSE",0,"PCB-aroclor 1260 sediment  (ug/Kg)","FALSE",0,"PCB-aroclor 1260 sediment  (ug/Kg)","FALSE",0
"131","PCB-aroclor 1260 water  (ug/L)","FALSE",0,"PCB-aroclor 1260 water  (ug/L)","FALSE",0,"PCB-aroclor 1260 water  (ug/L)","FALSE",0
"132","Pentachlorophenol sediment  (ug/Kg)","FALSE",0,"Pentachlorophenol sediment  (ug/Kg)","FALSE",0,"Pentachlorophenol sediment  (ug/Kg)","FALSE",0
"133","Pentachlorophenol water  (ug/L)","FALSE",184,"Pentachlorophenol water  (ug/L)","FALSE",183,"Pentachlorophenol water  (ug/L)","FALSE",0
"134","pH water  (pH)","FALSE",0,"pH water  (pH)","FALSE",0,"pH water  (pH)","FALSE",0
"135","Phenanthrene sediment  (ug/Kg)","FALSE",0,"Phenanthrene sediment  (ug/Kg)","FALSE",0,"Phenanthrene sediment  (ug/Kg)","FALSE",0
"136","Phenanthrene water  (ug/L)","FALSE",0,"Phenanthrene water  (ug/L)","FALSE",0,"Phenanthrene water  (ug/L)","FALSE",0
"137","Phenol sediment  (ug/Kg)","FALSE",0,"Phenol sediment  (ug/Kg)","FALSE",0,"Phenol sediment  (ug/Kg)","FALSE",0
"138","Phenol water  (ug/L)","FALSE",0,"Phenol water  (ug/L)","FALSE",0,"Phenol water  (ug/L)","FALSE",0
"139","Precipitation water  (in)","FALSE",0,"Precipitation water  (in)","FALSE",0,"Precipitation water  (in)","FALSE",0
"140","Prometon sediment  (ug/Kg)","FALSE",0,"Prometon sediment  (ug/Kg)","FALSE",0,"Prometon sediment  (ug/Kg)","FALSE",0
"141","Prometon water  (ug/L)","FALSE",0,"Prometon water  (ug/L)","FALSE",0,"Prometon water  (ug/L)","FALSE",0
"142","Pyrene sediment  (ug/Kg)","FALSE",0,"Pyrene sediment  (ug/Kg)","FALSE",0,"Pyrene sediment  (ug/Kg)","FALSE",0
"143","Pyrene water  (ug/L)","FALSE",0,"Pyrene water  (ug/L)","FALSE",0,"Pyrene water  (ug/L)","FALSE",633
"144","Sampled-Event Flow Volume water  (m3)","FALSE",0,"Sampled-Event Flow Volume water  (m3)","FALSE",0,"Sampled-Event Flow Volume water  (m3)","FALSE",0
"145","Sand sediment  (%)","FALSE",0,"Sand sediment  (%)","FALSE",0,"Sand sediment  (%)","FALSE",0
"146","Solids sediment  (%)","FALSE",0,"Solids sediment  (%)","FALSE",0,"Solids sediment  (%)","FALSE",0
"147","Storm Event Flow Volume water  (m3)","FALSE",0,"Storm Event Flow Volume water  (m3)","FALSE",0,"Storm Event Flow Volume water  (m3)","FALSE",0
"148","Surfactants water  (ug/L)","FALSE",0,"Surfactants water  (ug/L)","FALSE",0,"Surfactants water  (ug/L)","FALSE",0
"149","Toluene water  (ug/L)","FALSE",0,"Toluene water  (ug/L)","FALSE",0,"Toluene water  (ug/L)","FALSE",0
"150","Total Benzofluoranthenes sediment  (ug/Kg)","FALSE",0,"Total Benzofluoranthenes sediment  (ug/Kg)","FALSE",0,"Total Benzofluoranthenes sediment  (ug/Kg)","FALSE",0
"151","Total Benzofluoranthenes water  (ug/L)","FALSE",0,"Total Benzofluoranthenes water  (ug/L)","FALSE",0,"Total Benzofluoranthenes water  (ug/L)","FALSE",0
"152","Total Kjeldahl Nitrogen water  (ug/L)","FALSE",0,"Total Kjeldahl Nitrogen water  (ug/L)","FALSE",0,"Total Kjeldahl Nitrogen water  (ug/L)","FALSE",0
"153","Total Organic Carbon sediment  (%)","FALSE",0,"Total Organic Carbon sediment  (%)","FALSE",0,"Total Organic Carbon sediment  (%)","FALSE",0
"154","Total PAH sediment  (ug/Kg)","FALSE",0,"Total PAH sediment  (ug/Kg)","FALSE",0,"Total PAH sediment  (ug/Kg)","FALSE",0
"155","Total PAH water  (ug/L)","FALSE",0,"Total PAH water  (ug/L)","FALSE",0,"Total PAH water  (ug/L)","FALSE",0
"156","Total PCB sediment  (ug/Kg)","FALSE",0,"Total PCB sediment  (ug/Kg)","FALSE",0,"Total PCB sediment  (ug/Kg)","FALSE",0
"157","Total PCB water  (ug/L)","FALSE",27,"Total PCB water  (ug/L)","FALSE",14,"Total PCB water  (ug/L)","FALSE",0
"158","Total Phosphorus sediment  (ug/Kg)","FALSE",0,"Total Phosphorus sediment  (ug/Kg)","FALSE",0,"Total Phosphorus sediment  (ug/Kg)","FALSE",0
"159","Total Phosphorus water  (ug/L)","FALSE",0,"Total Phosphorus water  (ug/L)","FALSE",0,"Total Phosphorus water  (ug/L)","FALSE",0
"160","Total Phthalate sediment  (ug/Kg)","FALSE",0,"Total Phthalate sediment  (ug/Kg)","FALSE",0,"Total Phthalate sediment  (ug/Kg)","FALSE",0
"161","Total Phthalate water  (ug/L)","FALSE",0,"Total Phthalate water  (ug/L)","FALSE",0,"Total Phthalate water  (ug/L)","FALSE",0
"162","Total Suspended Solids water  (ug/L)","FALSE",0,"Total Suspended Solids water  (ug/L)","FALSE",0,"Total Suspended Solids water  (ug/L)","FALSE",0
"163","Total TPHDx sediment  (ug/Kg)","FALSE",0,"Total TPHDx sediment  (ug/Kg)","FALSE",0,"Total TPHDx sediment  (ug/Kg)","FALSE",0
"164","Total TPHDx water  (ug/L)","FALSE",0,"Total TPHDx water  (ug/L)","FALSE",0,"Total TPHDx water  (ug/L)","FALSE",0
"165","Total Xylenes water  (ug/L)","FALSE",0,"Total Xylenes water  (ug/L)","FALSE",0,"Total Xylenes water  (ug/L)","FALSE",0
"166","TPHGx water  (ug/L)","FALSE",0,"TPHGx water  (ug/L)","FALSE",0,"TPHGx water  (ug/L)","FALSE",0
"167","Triclopyr sediment  (ug/Kg)","FALSE",0,"Triclopyr sediment  (ug/Kg)","FALSE",0,"Triclopyr sediment  (ug/Kg)","FALSE",0
"168","Triclopyr water  (ug/L)","FALSE",0,"Triclopyr water  (ug/L)","FALSE",0,"Triclopyr water  (ug/L)","FALSE",0
"169","Turbidity water  (NTU)","FALSE",0,"Turbidity water  (NTU)","FALSE",0,"Turbidity water  (NTU)","FALSE",0
"170","Zinc sediment  (ug/Kg)","FALSE",0,"Zinc sediment  (ug/Kg)","FALSE",0,"Zinc sediment  (ug/Kg)","FALSE",0
"171","Zinc water  (ug/L)","FALSE",196,"Zinc water  (ug/L)","FALSE",178,"Zinc water  (ug/L)","FALSE",0
"172","Zinc water dissolved (ug/L)","FALSE",388,"Zinc water dissolved (ug/L)","FALSE",364,"Zinc water dissolved (ug/L)","FALSE",0
"173","1-Methylnaphthalene sediment  (ug/Kg)","TRUE",0,"1-Methylnaphthalene sediment  (ug/Kg)","TRUE",0,"1-Methylnaphthalene sediment  (ug/Kg)","TRUE",0
"174","1-Methylnaphthalene water  (ug/L)","TRUE",0,"1-Methylnaphthalene water  (ug/L)","TRUE",0,"1-Methylnaphthalene water  (ug/L)","TRUE",0
"175","2-Methylnaphthalene sediment  (ug/Kg)","TRUE",0,"2-Methylnaphthalene sediment  (ug/Kg)","TRUE",0,"2-Methylnaphthalene sediment  (ug/Kg)","TRUE",0
"176","2-Methylnaphthalene water  (ug/L)","TRUE",0,"2-Methylnaphthalene water  (ug/L)","TRUE",0,"2-Methylnaphthalene water  (ug/L)","TRUE",0
"177","2-Nitrophenol sediment  (ug/Kg)","TRUE",0,"2-Nitrophenol sediment  (ug/Kg)","TRUE",0,"2-Nitrophenol sediment  (ug/Kg)","TRUE",0
"178","2,4-D sediment  (ug/Kg)","TRUE",0,"2,4-D sediment  (ug/Kg)","TRUE",0,"2,4-D sediment  (ug/Kg)","TRUE",0
"179","2,4-D water  (ug/L)","TRUE",0,"2,4-D water  (ug/L)","TRUE",0,"2,4-D water  (ug/L)","TRUE",0
"180","2,4-Dichlorophenol sediment  (ug/Kg)","TRUE",0,"2,4-Dichlorophenol sediment  (ug/Kg)","TRUE",0,"2,4-Dichlorophenol sediment  (ug/Kg)","TRUE",0
"181","2,4-Dimethylphenol sediment  (ug/Kg)","TRUE",0,"2,4-Dimethylphenol sediment  (ug/Kg)","TRUE",0,"2,4-Dimethylphenol sediment  (ug/Kg)","TRUE",0
"182","2,4,5-Trichlorophenol sediment  (ug/Kg)","TRUE",0,"2,4,5-Trichlorophenol sediment  (ug/Kg)","TRUE",0,"2,4,5-Trichlorophenol sediment  (ug/Kg)","TRUE",0
"183","2,4,6-Trichlorophenol sediment  (ug/Kg)","TRUE",0,"2,4,6-Trichlorophenol sediment  (ug/Kg)","TRUE",0,"2,4,6-Trichlorophenol sediment  (ug/Kg)","TRUE",0
"184","4-Chloro-3-Methylphenol sediment  (ug/Kg)","TRUE",0,"4-Chloro-3-Methylphenol sediment  (ug/Kg)","TRUE",0,"4-Chloro-3-Methylphenol sediment  (ug/Kg)","TRUE",0
"185","4-Nitrophenol sediment  (ug/Kg)","TRUE",0,"4-Nitrophenol sediment  (ug/Kg)","TRUE",0,"4-Nitrophenol sediment  (ug/Kg)","TRUE",0
"186","Acenaphthene sediment  (ug/Kg)","TRUE",0,"Acenaphthene sediment  (ug/Kg)","TRUE",0,"Acenaphthene sediment  (ug/Kg)","TRUE",0
"187","Acenaphthene water  (ug/L)","TRUE",0,"Acenaphthene water  (ug/L)","TRUE",0,"Acenaphthene water  (ug/L)","TRUE",0
"188","Acenaphthylene sediment  (ug/Kg)","TRUE",0,"Acenaphthylene sediment  (ug/Kg)","TRUE",0,"Acenaphthylene sediment  (ug/Kg)","TRUE",0
"189","Acenaphthylene water  (ug/L)","TRUE",0,"Acenaphthylene water  (ug/L)","TRUE",0,"Acenaphthylene water  (ug/L)","TRUE",0
"190","Ammonia water  (ug/L)","TRUE",0,"Ammonia water  (ug/L)","TRUE",0,"Ammonia water  (ug/L)","TRUE",0
"191","Anthracene sediment  (ug/Kg)","TRUE",0,"Anthracene sediment  (ug/Kg)","TRUE",0,"Anthracene sediment  (ug/Kg)","TRUE",0
"192","Anthracene water  (ug/L)","TRUE",0,"Anthracene water  (ug/L)","TRUE",0,"Anthracene water  (ug/L)","TRUE",0
"193","Arsenic water dissolved (ug/L)","TRUE",0,"Arsenic water dissolved (ug/L)","TRUE",0,"Arsenic water dissolved (ug/L)","TRUE",16
"194","Benz(a)anthracene sediment  (ug/Kg)","TRUE",0,"Benz(a)anthracene sediment  (ug/Kg)","TRUE",0,"Benz(a)anthracene sediment  (ug/Kg)","TRUE",0
"195","Benz(a)anthracene water  (ug/L)","TRUE",0,"Benz(a)anthracene water  (ug/L)","TRUE",0,"Benz(a)anthracene water  (ug/L)","TRUE",490
"196","Benzene water  (ug/L)","TRUE",0,"Benzene water  (ug/L)","TRUE",0,"Benzene water  (ug/L)","TRUE",0
"197","Benzo(a)pyrene sediment  (ug/Kg)","TRUE",0,"Benzo(a)pyrene sediment  (ug/Kg)","TRUE",0,"Benzo(a)pyrene sediment  (ug/Kg)","TRUE",0
"198","Benzo(a)pyrene water  (ug/L)","TRUE",0,"Benzo(a)pyrene water  (ug/L)","TRUE",0,"Benzo(a)pyrene water  (ug/L)","TRUE",631
"199","Benzo(b)fluoranthene sediment  (ug/Kg)","TRUE",0,"Benzo(b)fluoranthene sediment  (ug/Kg)","TRUE",0,"Benzo(b)fluoranthene sediment  (ug/Kg)","TRUE",0
"200","Benzo(b)fluoranthene water  (ug/L)","TRUE",0,"Benzo(b)fluoranthene water  (ug/L)","TRUE",0,"Benzo(b)fluoranthene water  (ug/L)","TRUE",359
"201","Benzo(b,k)fluoranthene sediment  (ug/Kg)","TRUE",0,"Benzo(b,k)fluoranthene sediment  (ug/Kg)","TRUE",0,"Benzo(b,k)fluoranthene sediment  (ug/Kg)","TRUE",0
"202","Benzo(b,k)fluoranthene water  (ug/L)","TRUE",0,"Benzo(b,k)fluoranthene water  (ug/L)","TRUE",0,"Benzo(b,k)fluoranthene water  (ug/L)","TRUE",126
"203","Benzo(g,h,i)perylene sediment  (ug/Kg)","TRUE",0,"Benzo(g,h,i)perylene sediment  (ug/Kg)","TRUE",0,"Benzo(g,h,i)perylene sediment  (ug/Kg)","TRUE",0
"204","Benzo(g,h,i)perylene water  (ug/L)","TRUE",0,"Benzo(g,h,i)perylene water  (ug/L)","TRUE",0,"Benzo(g,h,i)perylene water  (ug/L)","TRUE",0
"205","Benzo(k)fluoranthene sediment  (ug/Kg)","TRUE",0,"Benzo(k)fluoranthene sediment  (ug/Kg)","TRUE",0,"Benzo(k)fluoranthene sediment  (ug/Kg)","TRUE",0
"206","Benzo(k)fluoranthene water  (ug/L)","TRUE",0,"Benzo(k)fluoranthene water  (ug/L)","TRUE",0,"Benzo(k)fluoranthene water  (ug/L)","TRUE",0
"207","Benzofluoranthenes, Total sediment  (ug/Kg)","TRUE",0,"Benzofluoranthenes, Total sediment  (ug/Kg)","TRUE",0,"Benzofluoranthenes, Total sediment  (ug/Kg)","TRUE",0
"208","Benzofluoranthenes, Total water  (ug/L)","TRUE",0,"Benzofluoranthenes, Total water  (ug/L)","TRUE",0,"Benzofluoranthenes, Total water  (ug/L)","TRUE",0
"209","Biochemical Oxygen Demand water  (ug/L)","TRUE",0,"Biochemical Oxygen Demand water  (ug/L)","TRUE",0,"Biochemical Oxygen Demand water  (ug/L)","TRUE",0
"210","Bis(2-ethylhexyl) phthalate sediment  (ug/Kg)","TRUE",0,"Bis(2-ethylhexyl) phthalate sediment  (ug/Kg)","TRUE",0,"Bis(2-ethylhexyl) phthalate sediment  (ug/Kg)","TRUE",0
"211","Bis(2-ethylhexyl) phthalate water  (ug/L)","TRUE",0,"Bis(2-ethylhexyl) phthalate water  (ug/L)","TRUE",0,"Bis(2-ethylhexyl) phthalate water  (ug/L)","TRUE",230
"212","BTEX water  (ug/L)","TRUE",0,"BTEX water  (ug/L)","TRUE",0,"BTEX water  (ug/L)","TRUE",0
"213","Butyl benzyl phthalate sediment  (ug/Kg)","TRUE",0,"Butyl benzyl phthalate sediment  (ug/Kg)","TRUE",0,"Butyl benzyl phthalate sediment  (ug/Kg)","TRUE",0
"214","Butyl benzyl phthalate water  (ug/L)","TRUE",0,"Butyl benzyl phthalate water  (ug/L)","TRUE",0,"Butyl benzyl phthalate water  (ug/L)","TRUE",0
"215","Cadmium sediment  (ug/Kg)","TRUE",0,"Cadmium sediment  (ug/Kg)","TRUE",0,"Cadmium sediment  (ug/Kg)","TRUE",0
"216","Cadmium water  (ug/L)","TRUE",65,"Cadmium water  (ug/L)","TRUE",107,"Cadmium water  (ug/L)","TRUE",0
"217","Cadmium water dissolved (ug/L)","TRUE",2,"Cadmium water dissolved (ug/L)","TRUE",3,"Cadmium water dissolved (ug/L)","TRUE",0
"218","Calcium water  (ug/L)","TRUE",0,"Calcium water  (ug/L)","TRUE",0,"Calcium water  (ug/L)","TRUE",0
"219","Calcium water dissolved (ug/L)","TRUE",0,"Calcium water dissolved (ug/L)","TRUE",0,"Calcium water dissolved (ug/L)","TRUE",0
"220","Chloride water  (ug/L)","TRUE",1,"Chloride water  (ug/L)","TRUE",4,"Chloride water  (ug/L)","TRUE",0
"221","Chlorpyrifos sediment  (ug/Kg)","TRUE",0,"Chlorpyrifos sediment  (ug/Kg)","TRUE",0,"Chlorpyrifos sediment  (ug/Kg)","TRUE",0
"222","Chlorpyrifos water  (ug/L)","TRUE",291,"Chlorpyrifos water  (ug/L)","TRUE",297,"Chlorpyrifos water  (ug/L)","TRUE",0
"223","Chrysene sediment  (ug/Kg)","TRUE",0,"Chrysene sediment  (ug/Kg)","TRUE",0,"Chrysene sediment  (ug/Kg)","TRUE",0
"224","Chrysene water  (ug/L)","TRUE",0,"Chrysene water  (ug/L)","TRUE",0,"Chrysene water  (ug/L)","TRUE",634
"225","Conductivity water  (uS/cm)","TRUE",0,"Conductivity water  (uS/cm)","TRUE",0,"Conductivity water  (uS/cm)","TRUE",0
"226","Copper sediment  (ug/Kg)","TRUE",0,"Copper sediment  (ug/Kg)","TRUE",0,"Copper sediment  (ug/Kg)","TRUE",0
"227","Copper water  (ug/L)","TRUE",478,"Copper water  (ug/L)","TRUE",521,"Copper water  (ug/L)","TRUE",0
"228","Copper water dissolved (ug/L)","TRUE",309,"Copper water dissolved (ug/L)","TRUE",355,"Copper water dissolved (ug/L)","TRUE",0
"229","CPAH sediment  (ug/Kg)","TRUE",0,"CPAH sediment  (ug/Kg)","TRUE",0,"CPAH sediment  (ug/Kg)","TRUE",0
"230","CPAH water  (ug/L)","TRUE",0,"CPAH water  (ug/L)","TRUE",0,"CPAH water  (ug/L)","TRUE",0
"231","Di-N-Octyl Phthalate sediment  (ug/Kg)","TRUE",0,"Di-N-Octyl Phthalate sediment  (ug/Kg)","TRUE",0,"Di-N-Octyl Phthalate sediment  (ug/Kg)","TRUE",0
"232","Di-N-Octyl Phthalate water  (ug/L)","TRUE",0,"Di-N-Octyl Phthalate water  (ug/L)","TRUE",0,"Di-N-Octyl Phthalate water  (ug/L)","TRUE",0
"233","Diazinon sediment  (ug/Kg)","TRUE",0,"Diazinon sediment  (ug/Kg)","TRUE",0,"Diazinon sediment  (ug/Kg)","TRUE",0
"234","Diazinon water  (ug/L)","TRUE",19,"Diazinon water  (ug/L)","TRUE",157,"Diazinon water  (ug/L)","TRUE",0
"235","Dibenzo(a,h)anthracene sediment  (ug/Kg)","TRUE",0,"Dibenzo(a,h)anthracene sediment  (ug/Kg)","TRUE",0,"Dibenzo(a,h)anthracene sediment  (ug/Kg)","TRUE",0
"236","Dibenzo(a,h)anthracene water  (ug/L)","TRUE",0,"Dibenzo(a,h)anthracene water  (ug/L)","TRUE",0,"Dibenzo(a,h)anthracene water  (ug/L)","TRUE",634
"237","Dibutyl phthalate sediment  (ug/Kg)","TRUE",0,"Dibutyl phthalate sediment  (ug/Kg)","TRUE",0,"Dibutyl phthalate sediment  (ug/Kg)","TRUE",0
"238","Dibutyl phthalate water  (ug/L)","TRUE",0,"Dibutyl phthalate water  (ug/L)","TRUE",0,"Dibutyl phthalate water  (ug/L)","TRUE",0
"239","Dichlobenil sediment  (ug/Kg)","TRUE",0,"Dichlobenil sediment  (ug/Kg)","TRUE",0,"Dichlobenil sediment  (ug/Kg)","TRUE",0
"240","Dichlobenil water  (ug/L)","TRUE",0,"Dichlobenil water  (ug/L)","TRUE",0,"Dichlobenil water  (ug/L)","TRUE",0
"241","Diesel Fuel sediment  (ug/Kg)","TRUE",0,"Diesel Fuel sediment  (ug/Kg)","TRUE",0,"Diesel Fuel sediment  (ug/Kg)","TRUE",0
"242","Diesel Fuel water  (ug/L)","TRUE",0,"Diesel Fuel water  (ug/L)","TRUE",0,"Diesel Fuel water  (ug/L)","TRUE",0
"243","Diesel Range Organics sediment  (ug/Kg)","TRUE",0,"Diesel Range Organics sediment  (ug/Kg)","TRUE",0,"Diesel Range Organics sediment  (ug/Kg)","TRUE",0
"244","Diesel Range Organics water  (ug/L)","TRUE",0,"Diesel Range Organics water  (ug/L)","TRUE",0,"Diesel Range Organics water  (ug/L)","TRUE",0
"245","Diethyl phthalate sediment  (ug/Kg)","TRUE",0,"Diethyl phthalate sediment  (ug/Kg)","TRUE",0,"Diethyl phthalate sediment  (ug/Kg)","TRUE",0
"246","Diethyl phthalate water  (ug/L)","TRUE",0,"Diethyl phthalate water  (ug/L)","TRUE",0,"Diethyl phthalate water  (ug/L)","TRUE",0
"247","Dimethyl phthalate sediment  (ug/Kg)","TRUE",0,"Dimethyl phthalate sediment  (ug/Kg)","TRUE",0,"Dimethyl phthalate sediment  (ug/Kg)","TRUE",0
"248","Dimethyl phthalate water  (ug/L)","TRUE",0,"Dimethyl phthalate water  (ug/L)","TRUE",0,"Dimethyl phthalate water  (ug/L)","TRUE",0
"249","Ethylbenzene water  (ug/L)","TRUE",0,"Ethylbenzene water  (ug/L)","TRUE",0,"Ethylbenzene water  (ug/L)","TRUE",0
"250","Fecal coliform water  (cfu/100mL)","TRUE",0,"Fecal coliform water  (cfu/100mL)","TRUE",0,"Fecal coliform water  (cfu/100mL)","TRUE",0
"251","Fines sediment  (%)","TRUE",0,"Fines sediment  (%)","TRUE",0,"Fines sediment  (%)","TRUE",0
"252","Fluoranthene sediment  (ug/Kg)","TRUE",0,"Fluoranthene sediment  (ug/Kg)","TRUE",0,"Fluoranthene sediment  (ug/Kg)","TRUE",0
"253","Fluoranthene water  (ug/L)","TRUE",0,"Fluoranthene water  (ug/L)","TRUE",0,"Fluoranthene water  (ug/L)","TRUE",0
"254","Fluorene sediment  (ug/Kg)","TRUE",0,"Fluorene sediment  (ug/Kg)","TRUE",0,"Fluorene sediment  (ug/Kg)","TRUE",0
"255","Fluorene water  (ug/L)","TRUE",0,"Fluorene water  (ug/L)","TRUE",0,"Fluorene water  (ug/L)","TRUE",0
"256","Gasoline Range Organics water  (ug/L)","TRUE",0,"Gasoline Range Organics water  (ug/L)","TRUE",0,"Gasoline Range Organics water  (ug/L)","TRUE",0
"257","Gravel sediment  (%)","TRUE",0,"Gravel sediment  (%)","TRUE",0,"Gravel sediment  (%)","TRUE",0
"258","Hardness as CaCO3 water  (ug/L)","TRUE",0,"Hardness as CaCO3 water  (ug/L)","TRUE",0,"Hardness as CaCO3 water  (ug/L)","TRUE",0
"259","Heavy Fuel Oil sediment  (ug/Kg)","TRUE",0,"Heavy Fuel Oil sediment  (ug/Kg)","TRUE",0,"Heavy Fuel Oil sediment  (ug/Kg)","TRUE",0
"260","Heavy Fuel Oil water  (ug/L)","TRUE",0,"Heavy Fuel Oil water  (ug/L)","TRUE",0,"Heavy Fuel Oil water  (ug/L)","TRUE",0
"261","HPAH sediment  (ug/Kg)","TRUE",0,"HPAH sediment  (ug/Kg)","TRUE",0,"HPAH sediment  (ug/Kg)","TRUE",0
"262","HPAH water  (ug/L)","TRUE",0,"HPAH water  (ug/L)","TRUE",0,"HPAH water  (ug/L)","TRUE",0
"263","Indeno(1,2,3-cd)pyrene sediment  (ug/Kg)","TRUE",0,"Indeno(1,2,3-cd)pyrene sediment  (ug/Kg)","TRUE",0,"Indeno(1,2,3-cd)pyrene sediment  (ug/Kg)","TRUE",0
"264","Indeno(1,2,3-cd)pyrene water  (ug/L)","TRUE",0,"Indeno(1,2,3-cd)pyrene water  (ug/L)","TRUE",0,"Indeno(1,2,3-cd)pyrene water  (ug/L)","TRUE",634
"265","Lead sediment  (ug/Kg)","TRUE",0,"Lead sediment  (ug/Kg)","TRUE",0,"Lead sediment  (ug/Kg)","TRUE",0
"266","Lead water  (ug/L)","TRUE",233,"Lead water  (ug/L)","TRUE",563,"Lead water  (ug/L)","TRUE",0
"267","Lead water dissolved (ug/L)","TRUE",2,"Lead water dissolved (ug/L)","TRUE",214,"Lead water dissolved (ug/L)","TRUE",0
"268","LPAH sediment  (ug/Kg)","TRUE",0,"LPAH sediment  (ug/Kg)","TRUE",0,"LPAH sediment  (ug/Kg)","TRUE",0
"269","LPAH water  (ug/L)","TRUE",0,"LPAH water  (ug/L)","TRUE",0,"LPAH water  (ug/L)","TRUE",0
"270","Lube Oil water  (ug/L)","TRUE",0,"Lube Oil water  (ug/L)","TRUE",0,"Lube Oil water  (ug/L)","TRUE",0
"271","Magnesium water  (ug/L)","TRUE",0,"Magnesium water  (ug/L)","TRUE",0,"Magnesium water  (ug/L)","TRUE",0
"272","Magnesium water dissolved (ug/L)","TRUE",0,"Magnesium water dissolved (ug/L)","TRUE",0,"Magnesium water dissolved (ug/L)","TRUE",0
"273","Malathion sediment  (ug/Kg)","TRUE",0,"Malathion sediment  (ug/Kg)","TRUE",0,"Malathion sediment  (ug/Kg)","TRUE",0
"274","Malathion water  (ug/L)","TRUE",0,"Malathion water  (ug/L)","TRUE",0,"Malathion water  (ug/L)","TRUE",0
"275","Mecoprop sediment  (ug/Kg)","TRUE",0,"Mecoprop sediment  (ug/Kg)","TRUE",0,"Mecoprop sediment  (ug/Kg)","TRUE",0
"276","Mecoprop water  (ug/L)","TRUE",0,"Mecoprop water  (ug/L)","TRUE",0,"Mecoprop water  (ug/L)","TRUE",0
"277","Mercury sediment  (ug/Kg)","TRUE",0,"Mercury sediment  (ug/Kg)","TRUE",0,"Mercury sediment  (ug/Kg)","TRUE",0
"278","Mercury water  (ug/L)","TRUE",0,"Mercury water  (ug/L)","TRUE",431,"Mercury water  (ug/L)","TRUE",14
"279","Mercury water dissolved (ug/L)","TRUE",0,"Mercury water dissolved (ug/L)","TRUE",417,"Mercury water dissolved (ug/L)","TRUE",0
"280","Motor Oil sediment  (ug/Kg)","TRUE",0,"Motor Oil sediment  (ug/Kg)","TRUE",0,"Motor Oil sediment  (ug/Kg)","TRUE",0
"281","Motor Oil water  (ug/L)","TRUE",0,"Motor Oil water  (ug/L)","TRUE",0,"Motor Oil water  (ug/L)","TRUE",0
"282","Naphthalene sediment  (ug/Kg)","TRUE",0,"Naphthalene sediment  (ug/Kg)","TRUE",0,"Naphthalene sediment  (ug/Kg)","TRUE",0
"283","Naphthalene water  (ug/L)","TRUE",0,"Naphthalene water  (ug/L)","TRUE",0,"Naphthalene water  (ug/L)","TRUE",0
"284","Nitrite-Nitrate water dissolved (ug/L)","TRUE",0,"Nitrite-Nitrate water dissolved (ug/L)","TRUE",0,"Nitrite-Nitrate water dissolved (ug/L)","TRUE",0
"285","o-Cresol sediment  (ug/Kg)","TRUE",0,"o-Cresol sediment  (ug/Kg)","TRUE",0,"o-Cresol sediment  (ug/Kg)","TRUE",0
"286","Oil and grease water  (ug/L)","TRUE",0,"Oil and grease water  (ug/L)","TRUE",0,"Oil and grease water  (ug/L)","TRUE",0
"287","Ortho-phosphate water dissolved (ug/L)","TRUE",0,"Ortho-phosphate water dissolved (ug/L)","TRUE",0,"Ortho-phosphate water dissolved (ug/L)","TRUE",0
"288","p-Cresol sediment  (ug/Kg)","TRUE",0,"p-Cresol sediment  (ug/Kg)","TRUE",0,"p-Cresol sediment  (ug/Kg)","TRUE",0
"289","p-Cresol water  (ug/L)","TRUE",0,"p-Cresol water  (ug/L)","TRUE",0,"p-Cresol water  (ug/L)","TRUE",0
"290","PCB-aroclor 1016 sediment  (ug/Kg)","TRUE",0,"PCB-aroclor 1016 sediment  (ug/Kg)","TRUE",0,"PCB-aroclor 1016 sediment  (ug/Kg)","TRUE",0
"291","PCB-aroclor 1016 water  (ug/L)","TRUE",0,"PCB-aroclor 1016 water  (ug/L)","TRUE",0,"PCB-aroclor 1016 water  (ug/L)","TRUE",0
"292","PCB-aroclor 1221 sediment  (ug/Kg)","TRUE",0,"PCB-aroclor 1221 sediment  (ug/Kg)","TRUE",0,"PCB-aroclor 1221 sediment  (ug/Kg)","TRUE",0
"293","PCB-aroclor 1221 water  (ug/L)","TRUE",0,"PCB-aroclor 1221 water  (ug/L)","TRUE",0,"PCB-aroclor 1221 water  (ug/L)","TRUE",0
"294","PCB-aroclor 1232 sediment  (ug/Kg)","TRUE",0,"PCB-aroclor 1232 sediment  (ug/Kg)","TRUE",0,"PCB-aroclor 1232 sediment  (ug/Kg)","TRUE",0
"295","PCB-aroclor 1232 water  (ug/L)","TRUE",0,"PCB-aroclor 1232 water  (ug/L)","TRUE",0,"PCB-aroclor 1232 water  (ug/L)","TRUE",0
"296","PCB-aroclor 1242 sediment  (ug/Kg)","TRUE",0,"PCB-aroclor 1242 sediment  (ug/Kg)","TRUE",0,"PCB-aroclor 1242 sediment  (ug/Kg)","TRUE",0
"297","PCB-aroclor 1242 water  (ug/L)","TRUE",0,"PCB-aroclor 1242 water  (ug/L)","TRUE",0,"PCB-aroclor 1242 water  (ug/L)","TRUE",0
"298","PCB-aroclor 1248 sediment  (ug/Kg)","TRUE",0,"PCB-aroclor 1248 sediment  (ug/Kg)","TRUE",0,"PCB-aroclor 1248 sediment  (ug/Kg)","TRUE",0
"299","PCB-aroclor 1248 water  (ug/L)","TRUE",0,"PCB-aroclor 1248 water  (ug/L)","TRUE",0,"PCB-aroclor 1248 water  (ug/L)","TRUE",0
"300","PCB-aroclor 1254 sediment  (ug/Kg)","TRUE",0,"PCB-aroclor 1254 sediment  (ug/Kg)","TRUE",0,"PCB-aroclor 1254 sediment  (ug/Kg)","TRUE",0
"301","PCB-aroclor 1254 water  (ug/L)","TRUE",0,"PCB-aroclor 1254 water  (ug/L)","TRUE",0,"PCB-aroclor 1254 water  (ug/L)","TRUE",0
"302","PCB-aroclor 1260 sediment  (ug/Kg)","TRUE",0,"PCB-aroclor 1260 sediment  (ug/Kg)","TRUE",0,"PCB-aroclor 1260 sediment  (ug/Kg)","TRUE",0
"303","PCB-aroclor 1260 water  (ug/L)","TRUE",0,"PCB-aroclor 1260 water  (ug/L)","TRUE",0,"PCB-aroclor 1260 water  (ug/L)","TRUE",0
"304","Pentachlorophenol sediment  (ug/Kg)","TRUE",0,"Pentachlorophenol sediment  (ug/Kg)","TRUE",0,"Pentachlorophenol sediment  (ug/Kg)","TRUE",0
"305","Pentachlorophenol water  (ug/L)","TRUE",0,"Pentachlorophenol water  (ug/L)","TRUE",1,"Pentachlorophenol water  (ug/L)","TRUE",0
"306","pH water  (pH)","TRUE",0,"pH water  (pH)","TRUE",0,"pH water  (pH)","TRUE",0
"307","Phenanthrene sediment  (ug/Kg)","TRUE",0,"Phenanthrene sediment  (ug/Kg)","TRUE",0,"Phenanthrene sediment  (ug/Kg)","TRUE",0
"308","Phenanthrene water  (ug/L)","TRUE",0,"Phenanthrene water  (ug/L)","TRUE",0,"Phenanthrene water  (ug/L)","TRUE",0
"309","Phenol sediment  (ug/Kg)","TRUE",0,"Phenol sediment  (ug/Kg)","TRUE",0,"Phenol sediment  (ug/Kg)","TRUE",0
"310","Phenol water  (ug/L)","TRUE",0,"Phenol water  (ug/L)","TRUE",0,"Phenol water  (ug/L)","TRUE",0
"311","Precipitation water  (in)","TRUE",0,"Precipitation water  (in)","TRUE",0,"Precipitation water  (in)","TRUE",0
"312","Prometon sediment  (ug/Kg)","TRUE",0,"Prometon sediment  (ug/Kg)","TRUE",0,"Prometon sediment  (ug/Kg)","TRUE",0
"313","Prometon water  (ug/L)","TRUE",0,"Prometon water  (ug/L)","TRUE",0,"Prometon water  (ug/L)","TRUE",0
"314","Pyrene sediment  (ug/Kg)","TRUE",0,"Pyrene sediment  (ug/Kg)","TRUE",0,"Pyrene sediment  (ug/Kg)","TRUE",0
"315","Pyrene water  (ug/L)","TRUE",0,"Pyrene water  (ug/L)","TRUE",0,"Pyrene water  (ug/L)","TRUE",0
"316","Sampled-Event Flow Volume water  (m3)","TRUE",0,"Sampled-Event Flow Volume water  (m3)","TRUE",0,"Sampled-Event Flow Volume water  (m3)","TRUE",0
"317","Sand sediment  (%)","TRUE",0,"Sand sediment  (%)","TRUE",0,"Sand sediment  (%)","TRUE",0
"318","Solids sediment  (%)","TRUE",0,"Solids sediment  (%)","TRUE",0,"Solids sediment  (%)","TRUE",0
"319","Storm Event Flow Volume water  (m3)","TRUE",0,"Storm Event Flow Volume water  (m3)","TRUE",0,"Storm Event Flow Volume water  (m3)","TRUE",0
"320","Surfactants water  (ug/L)","TRUE",0,"Surfactants water  (ug/L)","TRUE",0,"Surfactants water  (ug/L)","TRUE",0
"321","Toluene water  (ug/L)","TRUE",0,"Toluene water  (ug/L)","TRUE",0,"Toluene water  (ug/L)","TRUE",0
"322","Total Benzofluoranthenes sediment  (ug/Kg)","TRUE",0,"Total Benzofluoranthenes sediment  (ug/Kg)","TRUE",0,"Total Benzofluoranthenes sediment  (ug/Kg)","TRUE",0
"323","Total Benzofluoranthenes water  (ug/L)","TRUE",0,"Total Benzofluoranthenes water  (ug/L)","TRUE",0,"Total Benzofluoranthenes water  (ug/L)","TRUE",0
"324","Total Kjeldahl Nitrogen water  (ug/L)","TRUE",0,"Total Kjeldahl Nitrogen water  (ug/L)","TRUE",0,"Total Kjeldahl Nitrogen water  (ug/L)","TRUE",0
"325","Total Organic Carbon sediment  (%)","TRUE",0,"Total Organic Carbon sediment  (%)","TRUE",0,"Total Organic Carbon sediment  (%)","TRUE",0
"326","Total PAH sediment  (ug/Kg)","TRUE",0,"Total PAH sediment  (ug/Kg)","TRUE",0,"Total PAH sediment  (ug/Kg)","TRUE",0
"327","Total PAH water  (ug/L)","TRUE",0,"Total PAH water  (ug/L)","TRUE",0,"Total PAH water  (ug/L)","TRUE",0
"328","Total PCB sediment  (ug/Kg)","TRUE",0,"Total PCB sediment  (ug/Kg)","TRUE",0,"Total PCB sediment  (ug/Kg)","TRUE",0
"329","Total PCB water  (ug/L)","TRUE",0,"Total PCB water  (ug/L)","TRUE",13,"Total PCB water  (ug/L)","TRUE",0
"330","Total Phosphorus sediment  (ug/Kg)","TRUE",0,"Total Phosphorus sediment  (ug/Kg)","TRUE",0,"Total Phosphorus sediment  (ug/Kg)","TRUE",0
"331","Total Phosphorus water  (ug/L)","TRUE",0,"Total Phosphorus water  (ug/L)","TRUE",0,"Total Phosphorus water  (ug/L)","TRUE",0
"332","Total Phthalate sediment  (ug/Kg)","TRUE",0,"Total Phthalate sediment  (ug/Kg)","TRUE",0,"Total Phthalate sediment  (ug/Kg)","TRUE",0
"333","Total Phthalate water  (ug/L)","TRUE",0,"Total Phthalate water  (ug/L)","TRUE",0,"Total Phthalate water  (ug/L)","TRUE",0
"334","Total Suspended Solids water  (ug/L)","TRUE",0,"Total Suspended Solids water  (ug/L)","TRUE",0,"Total Suspended Solids water  (ug/L)","TRUE",0
"335","Total TPHDx sediment  (ug/Kg)","TRUE",0,"Total TPHDx sediment  (ug/Kg)","TRUE",0,"Total TPHDx sediment  (ug/Kg)","TRUE",0
"336","Total TPHDx water  (ug/L)","TRUE",0,"Total TPHDx water  (ug/L)","TRUE",0,"Total TPHDx water  (ug/L)","TRUE",0
"337","Total Xylenes water  (ug/L)","TRUE",0,"Total Xylenes water  (ug/L)","TRUE",0,"Total Xylenes water  (ug/L)","TRUE",0
"338","TPHGx water  (ug/L)","TRUE",0,"TPHGx water  (ug/L)","TRUE",0,"TPHGx water  (ug/L)","TRUE",0
"339","Triclopyr sediment  (ug/Kg)","TRUE",0,"Triclopyr sediment  (ug/Kg)","TRUE",0,"Triclopyr sediment  (ug/Kg)","TRUE",0
"340","Triclopyr water  (ug/L)","TRUE",0,"Triclopyr water  (ug/L)","TRUE",0,"Triclopyr water  (ug/L)","TRUE",0
"341","Turbidity water  (NTU)","TRUE",0,"Turbidity water  (NTU)","TRUE",0,"Turbidity water  (NTU)","TRUE",0
"342","Zinc sediment  (ug/Kg)","TRUE",0,"Zinc sediment  (ug/Kg)","TRUE",0,"Zinc sediment  (ug/Kg)","TRUE",0
"343","Zinc water  (ug/L)","TRUE",432,"Zinc water  (ug/L)","TRUE",450,"Zinc water  (ug/L)","TRUE",0
"344","Zinc water dissolved (ug/L)","TRUE",218,"Zinc water dissolved (ug/L)","TRUE",242,"Zinc water dissolved (ug/L)","TRUE",0
