"","loads","location","x"
"1","2-Methylnaphthalene","GM34921",30
"2","2,4-D","GM34921",30
"3","Acenaphthene","GM34921",30
"4","Acenaphthylene","GM34921",30
"5","Anthracene","GM34921",30
"6","Benz(a)anthracene","GM34921",30
"7","Benzo(a)pyrene","GM34921",30
"8","Benzo(b)fluoranthene","GM34921",30
"9","Benzo(g,h,i)perylene","GM34921",30
"10","Benzo(k)fluoranthene","GM34921",30
"11","Bis(2-ethylhexyl) phthalate","GM34921",30
"12","Butyl benzyl phthalate","GM34921",30
"13","Cadmium","GM34921",30
"14","Cadmium dissolved","GM34921",30
"15","Chloride","GM34921",30
"16","Chlorpyrifos","GM34921",30
"17","Chrysene","GM34921",30
"18","Copper","GM34921",30
"19","Copper dissolved","GM34921",30
"20","CPAH","GM34921",30
"21","Di-N-Octyl Phthalate","GM34921",30
"22","Diazinon","GM34921",30
"23","Dibenzo(a,h)anthracene","GM34921",30
"24","Dibutyl phthalate","GM34921",30
"25","Dichlobenil","GM34921",30
"26","Diesel Range Organics","GM34921",21
"27","Diethyl phthalate","GM34921",30
"28","Dimethyl phthalate","GM34921",30
"29","Fluoranthene","GM34921",30
"30","Fluorene","GM34921",30
"31","Gasoline Range Organics","GM34921",21
"32","Hardness as CaCO3","GM34921",30
"33","Heavy Fuel Oil","GM34921",21
"34","HPAH","GM34921",29
"35","Indeno(1,2,3-cd)pyrene","GM34921",30
"36","Lead","GM34921",30
"37","Lead dissolved","GM34921",30
"38","LPAH","GM34921",30
"39","Malathion","GM34921",30
"40","Mecoprop","GM34921",30
"41","Mercury","GM34921",30
"42","Mercury dissolved","GM34921",30
"43","Naphthalene","GM34921",30
"44","Nitrite-Nitrate dissolved","GM34921",30
"45","Pentachlorophenol","GM34921",29
"46","Phenanthrene","GM34921",30
"47","Prometon","GM34921",29
"48","Pyrene","GM34921",30
"49","Surfactants","GM34921",30
"50","Total Benzofluoranthenes","GM34921",30
"51","Total Kjeldahl Nitrogen","GM34921",30
"52","Total PAH","GM34921",30
"53","Total Phosphorus","GM34921",30
"54","Total Phosphorus dissolved","GM34921",30
"55","Total Phthalate","GM34921",30
"56","Total Suspended Solids","GM34921",30
"57","Total TPHDx","GM34921",21
"58","Triclopyr","GM34921",30
"59","Zinc","GM34921",30
"60","Zinc dissolved","GM34921",30
"61","2-Methylnaphthalene","KICCOMS8D_OUT",30
"62","2,4-D","KICCOMS8D_OUT",31
"63","Acenaphthene","KICCOMS8D_OUT",30
"64","Acenaphthylene","KICCOMS8D_OUT",30
"65","Anthracene","KICCOMS8D_OUT",30
"66","Aresenic dissolved","KICCOMS8D_OUT",1
"67","Benz(a)anthracene","KICCOMS8D_OUT",30
"68","Benzo(a)pyrene","KICCOMS8D_OUT",30
"69","Benzo(b)fluoranthene","KICCOMS8D_OUT",14
"70","Benzo(g,h,i)perylene","KICCOMS8D_OUT",30
"71","Benzo(k)fluoranthene","KICCOMS8D_OUT",14
"72","Benzofluoranthenes, Total","KICCOMS8D_OUT",16
"73","Bis(2-ethylhexyl) phthalate","KICCOMS8D_OUT",30
"74","Butyl benzyl phthalate","KICCOMS8D_OUT",30
"75","Cadmium","KICCOMS8D_OUT",30
"76","Cadmium dissolved","KICCOMS8D_OUT",30
"77","Calcium","KICCOMS8D_OUT",31
"78","Chloride","KICCOMS8D_OUT",31
"79","Chlorpyrifos","KICCOMS8D_OUT",31
"80","Chrysene","KICCOMS8D_OUT",30
"81","Copper","KICCOMS8D_OUT",31
"82","Copper dissolved","KICCOMS8D_OUT",31
"83","CPAH","KICCOMS8D_OUT",30
"84","Di-N-Octyl Phthalate","KICCOMS8D_OUT",30
"85","Diazinon","KICCOMS8D_OUT",31
"86","Dibenzo(a,h)anthracene","KICCOMS8D_OUT",30
"87","Dibutyl phthalate","KICCOMS8D_OUT",30
"88","Dichlobenil","KICCOMS8D_OUT",25
"89","Diesel Range Organics","KICCOMS8D_OUT",32
"90","Diethyl phthalate","KICCOMS8D_OUT",30
"91","Dimethyl phthalate","KICCOMS8D_OUT",30
"92","Fluoranthene","KICCOMS8D_OUT",30
"93","Fluorene","KICCOMS8D_OUT",30
"94","Gasoline Range Organics","KICCOMS8D_OUT",36
"95","Hardness as CaCO3","KICCOMS8D_OUT",31
"96","Heavy Fuel Oil","KICCOMS8D_OUT",2
"97","HPAH","KICCOMS8D_OUT",30
"98","Indeno(1,2,3-cd)pyrene","KICCOMS8D_OUT",30
"99","Lead","KICCOMS8D_OUT",31
"100","Lead dissolved","KICCOMS8D_OUT",31
"101","LPAH","KICCOMS8D_OUT",30
"102","Lube Oil","KICCOMS8D_OUT",36
"103","Magnesium","KICCOMS8D_OUT",31
"104","Malathion","KICCOMS8D_OUT",31
"105","Mecoprop","KICCOMS8D_OUT",31
"106","Mercury","KICCOMS8D_OUT",30
"107","Mercury dissolved","KICCOMS8D_OUT",30
"108","Naphthalene","KICCOMS8D_OUT",30
"109","Nitrite-Nitrate","KICCOMS8D_OUT",31
"110","Ortho-phosphate dissolved","KICCOMS8D_OUT",31
"111","p-Cresol","KICCOMS8D_OUT",8
"112","Pentachlorophenol","KICCOMS8D_OUT",30
"113","Phenanthrene","KICCOMS8D_OUT",30
"114","Phenol","KICCOMS8D_OUT",8
"115","Prometon","KICCOMS8D_OUT",25
"116","Pyrene","KICCOMS8D_OUT",30
"117","Surfactants","KICCOMS8D_OUT",29
"118","Total Benzofluoranthenes","KICCOMS8D_OUT",30
"119","Total Kjeldahl Nitrogen","KICCOMS8D_OUT",31
"120","Total PAH","KICCOMS8D_OUT",30
"121","Total Phosphorus","KICCOMS8D_OUT",31
"122","Total Phthalate","KICCOMS8D_OUT",30
"123","Total Suspended Solids","KICCOMS8D_OUT",31
"124","Total TPHDx","KICCOMS8D_OUT",36
"125","Triclopyr","KICCOMS8D_OUT",25
"126","Zinc","KICCOMS8D_OUT",31
"127","Zinc dissolved","KICCOMS8D_OUT",31
"128","2-Methylnaphthalene","KICHDRS8D_OUT",20
"129","2,4-D","KICHDRS8D_OUT",20
"130","Acenaphthene","KICHDRS8D_OUT",20
"131","Acenaphthylene","KICHDRS8D_OUT",20
"132","Anthracene","KICHDRS8D_OUT",20
"133","Benz(a)anthracene","KICHDRS8D_OUT",20
"134","Benzo(a)pyrene","KICHDRS8D_OUT",20
"135","Benzo(b)fluoranthene","KICHDRS8D_OUT",12
"136","Benzo(g,h,i)perylene","KICHDRS8D_OUT",20
"137","Benzo(k)fluoranthene","KICHDRS8D_OUT",12
"138","Benzofluoranthenes, Total","KICHDRS8D_OUT",8
"139","Bis(2-ethylhexyl) phthalate","KICHDRS8D_OUT",20
"140","Butyl benzyl phthalate","KICHDRS8D_OUT",20
"141","Cadmium","KICHDRS8D_OUT",20
"142","Cadmium dissolved","KICHDRS8D_OUT",20
"143","Calcium","KICHDRS8D_OUT",21
"144","Chloride","KICHDRS8D_OUT",20
"145","Chlorpyrifos","KICHDRS8D_OUT",20
"146","Chrysene","KICHDRS8D_OUT",20
"147","Copper","KICHDRS8D_OUT",21
"148","Copper dissolved","KICHDRS8D_OUT",21
"149","CPAH","KICHDRS8D_OUT",20
"150","Di-N-Octyl Phthalate","KICHDRS8D_OUT",20
"151","Diazinon","KICHDRS8D_OUT",20
"152","Dibenzo(a,h)anthracene","KICHDRS8D_OUT",20
"153","Dibutyl phthalate","KICHDRS8D_OUT",20
"154","Dichlobenil","KICHDRS8D_OUT",13
"155","Diesel Range Organics","KICHDRS8D_OUT",30
"156","Diethyl phthalate","KICHDRS8D_OUT",20
"157","Dimethyl phthalate","KICHDRS8D_OUT",20
"158","Fluoranthene","KICHDRS8D_OUT",20
"159","Fluorene","KICHDRS8D_OUT",20
"160","Gasoline Range Organics","KICHDRS8D_OUT",30
"161","Hardness as CaCO3","KICHDRS8D_OUT",21
"162","HPAH","KICHDRS8D_OUT",20
"163","Indeno(1,2,3-cd)pyrene","KICHDRS8D_OUT",20
"164","Lead","KICHDRS8D_OUT",21
"165","Lead dissolved","KICHDRS8D_OUT",21
"166","LPAH","KICHDRS8D_OUT",20
"167","Lube Oil","KICHDRS8D_OUT",30
"168","Magnesium","KICHDRS8D_OUT",21
"169","Malathion","KICHDRS8D_OUT",20
"170","Mecoprop","KICHDRS8D_OUT",20
"171","Mercury","KICHDRS8D_OUT",8
"172","Mercury dissolved","KICHDRS8D_OUT",8
"173","Naphthalene","KICHDRS8D_OUT",20
"174","Nitrite-Nitrate","KICHDRS8D_OUT",21
"175","Ortho-phosphate dissolved","KICHDRS8D_OUT",21
"176","p-Cresol","KICHDRS8D_OUT",7
"177","Pentachlorophenol","KICHDRS8D_OUT",20
"178","Phenanthrene","KICHDRS8D_OUT",20
"179","Phenol","KICHDRS8D_OUT",7
"180","Prometon","KICHDRS8D_OUT",13
"181","Pyrene","KICHDRS8D_OUT",20
"182","Surfactants","KICHDRS8D_OUT",21
"183","Total Benzofluoranthenes","KICHDRS8D_OUT",20
"184","Total Kjeldahl Nitrogen","KICHDRS8D_OUT",21
"185","Total PAH","KICHDRS8D_OUT",20
"186","Total Phosphorus","KICHDRS8D_OUT",21
"187","Total Phthalate","KICHDRS8D_OUT",20
"188","Total Suspended Solids","KICHDRS8D_OUT",21
"189","Total TPHDx","KICHDRS8D_OUT",30
"190","Triclopyr","KICHDRS8D_OUT",14
"191","Zinc","KICHDRS8D_OUT",21
"192","Zinc dissolved","KICHDRS8D_OUT",21
"193","2-Methylnaphthalene","KICLDRS8D_OUT",28
"194","2,4-D","KICLDRS8D_OUT",28
"195","Acenaphthene","KICLDRS8D_OUT",28
"196","Acenaphthylene","KICLDRS8D_OUT",28
"197","Anthracene","KICLDRS8D_OUT",28
"198","Aresenic dissolved","KICLDRS8D_OUT",15
"199","Benz(a)anthracene","KICLDRS8D_OUT",28
"200","Benzo(a)pyrene","KICLDRS8D_OUT",28
"201","Benzo(b)fluoranthene","KICLDRS8D_OUT",16
"202","Benzo(g,h,i)perylene","KICLDRS8D_OUT",28
"203","Benzo(k)fluoranthene","KICLDRS8D_OUT",16
"204","Benzofluoranthenes, Total","KICLDRS8D_OUT",12
"205","Bis(2-ethylhexyl) phthalate","KICLDRS8D_OUT",28
"206","Butyl benzyl phthalate","KICLDRS8D_OUT",28
"207","Cadmium","KICLDRS8D_OUT",30
"208","Cadmium dissolved","KICLDRS8D_OUT",30
"209","Calcium","KICLDRS8D_OUT",30
"210","Chloride","KICLDRS8D_OUT",28
"211","Chlorpyrifos","KICLDRS8D_OUT",28
"212","Chrysene","KICLDRS8D_OUT",28
"213","Copper","KICLDRS8D_OUT",30
"214","Copper dissolved","KICLDRS8D_OUT",30
"215","CPAH","KICLDRS8D_OUT",28
"216","Di-N-Octyl Phthalate","KICLDRS8D_OUT",28
"217","Diazinon","KICLDRS8D_OUT",28
"218","Dibenzo(a,h)anthracene","KICLDRS8D_OUT",28
"219","Dibutyl phthalate","KICLDRS8D_OUT",28
"220","Dichlobenil","KICLDRS8D_OUT",21
"221","Diesel Range Organics","KICLDRS8D_OUT",23
"222","Diethyl phthalate","KICLDRS8D_OUT",28
"223","Dimethyl phthalate","KICLDRS8D_OUT",28
"224","Fluoranthene","KICLDRS8D_OUT",28
"225","Fluorene","KICLDRS8D_OUT",28
"226","Gasoline Range Organics","KICLDRS8D_OUT",23
"227","Hardness as CaCO3","KICLDRS8D_OUT",30
"228","HPAH","KICLDRS8D_OUT",28
"229","Indeno(1,2,3-cd)pyrene","KICLDRS8D_OUT",28
"230","Lead","KICLDRS8D_OUT",30
"231","Lead dissolved","KICLDRS8D_OUT",30
"232","LPAH","KICLDRS8D_OUT",28
"233","Lube Oil","KICLDRS8D_OUT",23
"234","Magnesium","KICLDRS8D_OUT",30
"235","Malathion","KICLDRS8D_OUT",28
"236","Mecoprop","KICLDRS8D_OUT",28
"237","Mercury","KICLDRS8D_OUT",13
"238","Mercury dissolved","KICLDRS8D_OUT",13
"239","Naphthalene","KICLDRS8D_OUT",28
"240","Nitrite-Nitrate","KICLDRS8D_OUT",30
"241","Ortho-phosphate dissolved","KICLDRS8D_OUT",30
"242","p-Cresol","KICLDRS8D_OUT",11
"243","Pentachlorophenol","KICLDRS8D_OUT",28
"244","Phenanthrene","KICLDRS8D_OUT",28
"245","Phenol","KICLDRS8D_OUT",11
"246","Prometon","KICLDRS8D_OUT",21
"247","Pyrene","KICLDRS8D_OUT",28
"248","Surfactants","KICLDRS8D_OUT",29
"249","Total Benzofluoranthenes","KICLDRS8D_OUT",28
"250","Total Kjeldahl Nitrogen","KICLDRS8D_OUT",30
"251","Total PAH","KICLDRS8D_OUT",28
"252","Total Phosphorus","KICLDRS8D_OUT",29
"253","Total Phthalate","KICLDRS8D_OUT",28
"254","Total Suspended Solids","KICLDRS8D_OUT",30
"255","Total TPHDx","KICLDRS8D_OUT",23
"256","Triclopyr","KICLDRS8D_OUT",21
"257","Zinc","KICLDRS8D_OUT",30
"258","Zinc dissolved","KICLDRS8D_OUT",30
"259","2-Methylnaphthalene","LDR010",24
"260","2,4-D","LDR010",24
"261","Acenaphthene","LDR010",24
"262","Acenaphthylene","LDR010",24
"263","Anthracene","LDR010",24
"264","Benz(a)anthracene","LDR010",24
"265","Benzo(a)pyrene","LDR010",24
"266","Benzo(b)fluoranthene","LDR010",24
"267","Benzo(g,h,i)perylene","LDR010",24
"268","Benzo(k)fluoranthene","LDR010",24
"269","Bis(2-ethylhexyl) phthalate","LDR010",24
"270","Butyl benzyl phthalate","LDR010",24
"271","Cadmium","LDR010",24
"272","Cadmium dissolved","LDR010",24
"273","Chloride","LDR010",24
"274","Chlorpyrifos","LDR010",24
"275","Chrysene","LDR010",24
"276","Copper","LDR010",24
"277","Copper dissolved","LDR010",24
"278","CPAH","LDR010",24
"279","Di-N-Octyl Phthalate","LDR010",24
"280","Diazinon","LDR010",24
"281","Dibenzo(a,h)anthracene","LDR010",24
"282","Dibutyl phthalate","LDR010",24
"283","Dichlobenil","LDR010",24
"284","Diesel Range Organics","LDR010",18
"285","Diethyl phthalate","LDR010",24
"286","Dimethyl phthalate","LDR010",24
"287","Fluoranthene","LDR010",24
"288","Fluorene","LDR010",24
"289","Gasoline Range Organics","LDR010",18
"290","Hardness as CaCO3","LDR010",24
"291","Heavy Fuel Oil","LDR010",18
"292","HPAH","LDR010",24
"293","Indeno(1,2,3-cd)pyrene","LDR010",24
"294","Lead","LDR010",24
"295","Lead dissolved","LDR010",24
"296","LPAH","LDR010",24
"297","Malathion","LDR010",24
"298","Mecoprop","LDR010",24
"299","Mercury","LDR010",3
"300","Mercury dissolved","LDR010",3
"301","Naphthalene","LDR010",24
"302","Nitrite-Nitrate dissolved","LDR010",24
"303","Pentachlorophenol","LDR010",23
"304","Phenanthrene","LDR010",24
"305","Prometon","LDR010",24
"306","Pyrene","LDR010",24
"307","Surfactants","LDR010",24
"308","Total Benzofluoranthenes","LDR010",24
"309","Total Kjeldahl Nitrogen","LDR010",24
"310","Total PAH","LDR010",24
"311","Total Phosphorus","LDR010",24
"312","Total Phosphorus dissolved","LDR010",24
"313","Total Phthalate","LDR010",24
"314","Total Suspended Solids","LDR010",24
"315","Total TPHDx","LDR010",19
"316","Triclopyr","LDR010",24
"317","Zinc","LDR010",24
"318","Zinc dissolved","LDR010",24
"319","2-Methylnaphthalene","MH5171",28
"320","2,4-D","MH5171",28
"321","Acenaphthene","MH5171",28
"322","Acenaphthylene","MH5171",28
"323","Anthracene","MH5171",28
"324","Benz(a)anthracene","MH5171",28
"325","Benzo(a)pyrene","MH5171",28
"326","Benzo(b)fluoranthene","MH5171",28
"327","Benzo(g,h,i)perylene","MH5171",28
"328","Benzo(k)fluoranthene","MH5171",28
"329","Bis(2-ethylhexyl) phthalate","MH5171",28
"330","Butyl benzyl phthalate","MH5171",28
"331","Cadmium","MH5171",28
"332","Cadmium dissolved","MH5171",28
"333","Chloride","MH5171",28
"334","Chlorpyrifos","MH5171",28
"335","Chrysene","MH5171",28
"336","Copper","MH5171",28
"337","Copper dissolved","MH5171",28
"338","CPAH","MH5171",28
"339","Di-N-Octyl Phthalate","MH5171",28
"340","Diazinon","MH5171",28
"341","Dibenzo(a,h)anthracene","MH5171",28
"342","Dibutyl phthalate","MH5171",28
"343","Dichlobenil","MH5171",28
"344","Diesel Range Organics","MH5171",18
"345","Diethyl phthalate","MH5171",28
"346","Dimethyl phthalate","MH5171",28
"347","Fluoranthene","MH5171",28
"348","Fluorene","MH5171",28
"349","Gasoline Range Organics","MH5171",18
"350","Hardness as CaCO3","MH5171",28
"351","Heavy Fuel Oil","MH5171",18
"352","HPAH","MH5171",28
"353","Indeno(1,2,3-cd)pyrene","MH5171",28
"354","Lead","MH5171",28
"355","Lead dissolved","MH5171",28
"356","LPAH","MH5171",28
"357","Malathion","MH5171",28
"358","Mecoprop","MH5171",28
"359","Mercury","MH5171",1
"360","Mercury dissolved","MH5171",1
"361","Naphthalene","MH5171",28
"362","Nitrite-Nitrate dissolved","MH5171",28
"363","Pentachlorophenol","MH5171",28
"364","Phenanthrene","MH5171",28
"365","Prometon","MH5171",28
"366","Pyrene","MH5171",28
"367","Surfactants","MH5171",28
"368","Total Benzofluoranthenes","MH5171",28
"369","Total Kjeldahl Nitrogen","MH5171",28
"370","Total PAH","MH5171",28
"371","Total Phosphorus","MH5171",28
"372","Total Phosphorus dissolved","MH5171",28
"373","Total Phthalate","MH5171",28
"374","Total Suspended Solids","MH5171",28
"375","Total TPHDx","MH5171",18
"376","Triclopyr","MH5171",28
"377","Zinc","MH5171",28
"378","Zinc dissolved","MH5171",28
"379","1-Methylnaphthalene","PIECOMM_OUT",22
"380","2-Methylnaphthalene","PIECOMM_OUT",22
"381","2,4-D","PIECOMM_OUT",28
"382","Acenaphthene","PIECOMM_OUT",22
"383","Acenaphthylene","PIECOMM_OUT",22
"384","Anthracene","PIECOMM_OUT",22
"385","Benz(a)anthracene","PIECOMM_OUT",22
"386","Benzo(a)pyrene","PIECOMM_OUT",22
"387","Benzo(b)fluoranthene","PIECOMM_OUT",22
"388","Benzo(g,h,i)perylene","PIECOMM_OUT",22
"389","Benzo(k)fluoranthene","PIECOMM_OUT",22
"390","Bis(2-ethylhexyl) phthalate","PIECOMM_OUT",22
"391","Butyl benzyl phthalate","PIECOMM_OUT",22
"392","Cadmium","PIECOMM_OUT",22
"393","Cadmium dissolved","PIECOMM_OUT",22
"394","Chloride","PIECOMM_OUT",22
"395","Chlorpyrifos","PIECOMM_OUT",28
"396","Chrysene","PIECOMM_OUT",22
"397","Copper","PIECOMM_OUT",28
"398","Copper dissolved","PIECOMM_OUT",22
"399","CPAH","PIECOMM_OUT",22
"400","Di-N-Octyl Phthalate","PIECOMM_OUT",22
"401","Diazinon","PIECOMM_OUT",28
"402","Dibenzo(a,h)anthracene","PIECOMM_OUT",22
"403","Dibutyl phthalate","PIECOMM_OUT",22
"404","Dichlobenil","PIECOMM_OUT",28
"405","Diesel Range Organics","PIECOMM_OUT",20
"406","Diethyl phthalate","PIECOMM_OUT",22
"407","Dimethyl phthalate","PIECOMM_OUT",22
"408","Fluoranthene","PIECOMM_OUT",22
"409","Fluorene","PIECOMM_OUT",22
"410","Gasoline Range Organics","PIECOMM_OUT",20
"411","Hardness as CaCO3","PIECOMM_OUT",22
"412","Heavy Fuel Oil","PIECOMM_OUT",20
"413","HPAH","PIECOMM_OUT",22
"414","Indeno(1,2,3-cd)pyrene","PIECOMM_OUT",22
"415","Lead","PIECOMM_OUT",22
"416","Lead dissolved","PIECOMM_OUT",22
"417","LPAH","PIECOMM_OUT",22
"418","Malathion","PIECOMM_OUT",28
"419","Mecoprop","PIECOMM_OUT",28
"420","Mercury","PIECOMM_OUT",22
"421","Mercury dissolved","PIECOMM_OUT",22
"422","Naphthalene","PIECOMM_OUT",22
"423","Nitrite-Nitrate","PIECOMM_OUT",22
"424","Pentachlorophenol","PIECOMM_OUT",22
"425","Phenanthrene","PIECOMM_OUT",22
"426","Prometon","PIECOMM_OUT",28
"427","Pyrene","PIECOMM_OUT",22
"428","Surfactants","PIECOMM_OUT",22
"429","Total Benzofluoranthenes","PIECOMM_OUT",22
"430","Total Kjeldahl Nitrogen","PIECOMM_OUT",22
"431","Total PAH","PIECOMM_OUT",22
"432","Total Phosphorus","PIECOMM_OUT",50
"433","Total Phthalate","PIECOMM_OUT",22
"434","Total Suspended Solids","PIECOMM_OUT",28
"435","Total TPHDx","PIECOMM_OUT",20
"436","Triclopyr","PIECOMM_OUT",28
"437","Zinc","PIECOMM_OUT",22
"438","Zinc dissolved","PIECOMM_OUT",22
"439","1-Methylnaphthalene","PIEHIRES_OUT",8
"440","2-Methylnaphthalene","PIEHIRES_OUT",8
"441","2,4-D","PIEHIRES_OUT",15
"442","Acenaphthene","PIEHIRES_OUT",8
"443","Acenaphthylene","PIEHIRES_OUT",8
"444","Anthracene","PIEHIRES_OUT",8
"445","Benz(a)anthracene","PIEHIRES_OUT",8
"446","Benzo(a)pyrene","PIEHIRES_OUT",8
"447","Benzo(b)fluoranthene","PIEHIRES_OUT",8
"448","Benzo(g,h,i)perylene","PIEHIRES_OUT",8
"449","Benzo(k)fluoranthene","PIEHIRES_OUT",8
"450","Bis(2-ethylhexyl) phthalate","PIEHIRES_OUT",8
"451","Butyl benzyl phthalate","PIEHIRES_OUT",8
"452","Cadmium","PIEHIRES_OUT",8
"453","Cadmium dissolved","PIEHIRES_OUT",8
"454","Chloride","PIEHIRES_OUT",8
"455","Chlorpyrifos","PIEHIRES_OUT",15
"456","Chrysene","PIEHIRES_OUT",8
"457","Copper","PIEHIRES_OUT",15
"458","Copper dissolved","PIEHIRES_OUT",8
"459","CPAH","PIEHIRES_OUT",8
"460","Di-N-Octyl Phthalate","PIEHIRES_OUT",8
"461","Diazinon","PIEHIRES_OUT",15
"462","Dibenzo(a,h)anthracene","PIEHIRES_OUT",8
"463","Dibutyl phthalate","PIEHIRES_OUT",8
"464","Dichlobenil","PIEHIRES_OUT",15
"465","Diesel Range Organics","PIEHIRES_OUT",13
"466","Diethyl phthalate","PIEHIRES_OUT",8
"467","Dimethyl phthalate","PIEHIRES_OUT",8
"468","Fluoranthene","PIEHIRES_OUT",8
"469","Fluorene","PIEHIRES_OUT",8
"470","Gasoline Range Organics","PIEHIRES_OUT",13
"471","Hardness as CaCO3","PIEHIRES_OUT",8
"472","Heavy Fuel Oil","PIEHIRES_OUT",13
"473","HPAH","PIEHIRES_OUT",8
"474","Indeno(1,2,3-cd)pyrene","PIEHIRES_OUT",8
"475","Lead","PIEHIRES_OUT",8
"476","Lead dissolved","PIEHIRES_OUT",8
"477","LPAH","PIEHIRES_OUT",8
"478","Malathion","PIEHIRES_OUT",15
"479","Mecoprop","PIEHIRES_OUT",15
"480","Mercury","PIEHIRES_OUT",8
"481","Mercury dissolved","PIEHIRES_OUT",8
"482","Naphthalene","PIEHIRES_OUT",8
"483","Nitrite-Nitrate","PIEHIRES_OUT",8
"484","Pentachlorophenol","PIEHIRES_OUT",8
"485","Phenanthrene","PIEHIRES_OUT",8
"486","Prometon","PIEHIRES_OUT",15
"487","Pyrene","PIEHIRES_OUT",8
"488","Surfactants","PIEHIRES_OUT",8
"489","Total Benzofluoranthenes","PIEHIRES_OUT",8
"490","Total Kjeldahl Nitrogen","PIEHIRES_OUT",8
"491","Total PAH","PIEHIRES_OUT",8
"492","Total Phosphorus","PIEHIRES_OUT",23
"493","Total Phthalate","PIEHIRES_OUT",8
"494","Total Suspended Solids","PIEHIRES_OUT",15
"495","Total TPHDx","PIEHIRES_OUT",13
"496","Triclopyr","PIEHIRES_OUT",15
"497","Zinc","PIEHIRES_OUT",8
"498","Zinc dissolved","PIEHIRES_OUT",8
"499","1-Methylnaphthalene","PIELORES_OUT",14
"500","2-Methylnaphthalene","PIELORES_OUT",14
"501","2,4-D","PIELORES_OUT",22
"502","Acenaphthene","PIELORES_OUT",14
"503","Acenaphthylene","PIELORES_OUT",14
"504","Anthracene","PIELORES_OUT",14
"505","Benz(a)anthracene","PIELORES_OUT",14
"506","Benzo(a)pyrene","PIELORES_OUT",14
"507","Benzo(b)fluoranthene","PIELORES_OUT",14
"508","Benzo(g,h,i)perylene","PIELORES_OUT",14
"509","Benzo(k)fluoranthene","PIELORES_OUT",14
"510","Bis(2-ethylhexyl) phthalate","PIELORES_OUT",14
"511","Butyl benzyl phthalate","PIELORES_OUT",14
"512","Cadmium","PIELORES_OUT",15
"513","Cadmium dissolved","PIELORES_OUT",15
"514","Chloride","PIELORES_OUT",15
"515","Chlorpyrifos","PIELORES_OUT",22
"516","Chrysene","PIELORES_OUT",14
"517","Copper","PIELORES_OUT",23
"518","Copper dissolved","PIELORES_OUT",15
"519","CPAH","PIELORES_OUT",14
"520","Di-N-Octyl Phthalate","PIELORES_OUT",14
"521","Diazinon","PIELORES_OUT",22
"522","Dibenzo(a,h)anthracene","PIELORES_OUT",14
"523","Dibutyl phthalate","PIELORES_OUT",14
"524","Dichlobenil","PIELORES_OUT",22
"525","Diesel Range Organics","PIELORES_OUT",18
"526","Diethyl phthalate","PIELORES_OUT",14
"527","Dimethyl phthalate","PIELORES_OUT",14
"528","Fluoranthene","PIELORES_OUT",14
"529","Fluorene","PIELORES_OUT",14
"530","Gasoline Range Organics","PIELORES_OUT",18
"531","Hardness as CaCO3","PIELORES_OUT",15
"532","Heavy Fuel Oil","PIELORES_OUT",18
"533","HPAH","PIELORES_OUT",14
"534","Indeno(1,2,3-cd)pyrene","PIELORES_OUT",14
"535","Lead","PIELORES_OUT",15
"536","Lead dissolved","PIELORES_OUT",15
"537","LPAH","PIELORES_OUT",14
"538","Malathion","PIELORES_OUT",22
"539","Mecoprop","PIELORES_OUT",22
"540","Mercury","PIELORES_OUT",15
"541","Mercury dissolved","PIELORES_OUT",15
"542","Naphthalene","PIELORES_OUT",14
"543","Nitrite-Nitrate","PIELORES_OUT",15
"544","Pentachlorophenol","PIELORES_OUT",14
"545","Phenanthrene","PIELORES_OUT",14
"546","Prometon","PIELORES_OUT",22
"547","Pyrene","PIELORES_OUT",14
"548","Surfactants","PIELORES_OUT",15
"549","Total Benzofluoranthenes","PIELORES_OUT",14
"550","Total Kjeldahl Nitrogen","PIELORES_OUT",15
"551","Total PAH","PIELORES_OUT",14
"552","Total Phosphorus","PIELORES_OUT",38
"553","Total Phthalate","PIELORES_OUT",14
"554","Total Suspended Solids","PIELORES_OUT",23
"555","Total TPHDx","PIELORES_OUT",18
"556","Triclopyr","PIELORES_OUT",22
"557","Zinc","PIELORES_OUT",15
"558","Zinc dissolved","PIELORES_OUT",15
"559","1-Methylnaphthalene","POSOUTFALL_6057",49
"560","2-Methylnaphthalene","POSOUTFALL_6057",49
"561","2,4-D","POSOUTFALL_6057",39
"562","Acenaphthene","POSOUTFALL_6057",49
"563","Acenaphthylene","POSOUTFALL_6057",49
"564","Anthracene","POSOUTFALL_6057",49
"565","Benz(a)anthracene","POSOUTFALL_6057",49
"566","Benzo(a)pyrene","POSOUTFALL_6057",49
"567","Benzo(b)fluoranthene","POSOUTFALL_6057",23
"568","Benzo(g,h,i)perylene","POSOUTFALL_6057",49
"569","Benzo(k)fluoranthene","POSOUTFALL_6057",23
"570","Benzofluoranthenes, Total","POSOUTFALL_6057",26
"571","Bis(2-ethylhexyl) phthalate","POSOUTFALL_6057",49
"572","Butyl benzyl phthalate","POSOUTFALL_6057",49
"573","Cadmium","POSOUTFALL_6057",49
"574","Cadmium dissolved","POSOUTFALL_6057",46
"575","Calcium","POSOUTFALL_6057",49
"576","Calcium dissolved","POSOUTFALL_6057",2
"577","Chloride","POSOUTFALL_6057",49
"578","Chlorpyrifos","POSOUTFALL_6057",38
"579","Chrysene","POSOUTFALL_6057",49
"580","Copper","POSOUTFALL_6057",49
"581","Copper dissolved","POSOUTFALL_6057",46
"582","CPAH","POSOUTFALL_6057",49
"583","Di-N-Octyl Phthalate","POSOUTFALL_6057",49
"584","Diazinon","POSOUTFALL_6057",38
"585","Dibenzo(a,h)anthracene","POSOUTFALL_6057",49
"586","Dibutyl phthalate","POSOUTFALL_6057",49
"587","Dichlobenil","POSOUTFALL_6057",38
"588","Diesel Fuel","POSOUTFALL_6057",42
"589","Diesel Range Organics","POSOUTFALL_6057",5
"590","Diethyl phthalate","POSOUTFALL_6057",49
"591","Dimethyl phthalate","POSOUTFALL_6057",49
"592","Fluoranthene","POSOUTFALL_6057",49
"593","Fluorene","POSOUTFALL_6057",49
"594","Gasoline Range Organics","POSOUTFALL_6057",34
"595","Hardness as CaCO3","POSOUTFALL_6057",51
"596","HPAH","POSOUTFALL_6057",49
"597","Indeno(1,2,3-cd)pyrene","POSOUTFALL_6057",49
"598","Lead","POSOUTFALL_6057",49
"599","Lead dissolved","POSOUTFALL_6057",46
"600","LPAH","POSOUTFALL_6057",49
"601","Magnesium","POSOUTFALL_6057",49
"602","Magnesium dissolved","POSOUTFALL_6057",2
"603","Malathion","POSOUTFALL_6057",38
"604","Mecoprop","POSOUTFALL_6057",49
"605","Mercury","POSOUTFALL_6057",49
"606","Mercury dissolved","POSOUTFALL_6057",38
"607","Motor Oil","POSOUTFALL_6057",47
"608","Naphthalene","POSOUTFALL_6057",49
"609","Nitrite-Nitrate","POSOUTFALL_6057",6
"610","Nitrite-Nitrate dissolved","POSOUTFALL_6057",43
"611","Ortho-phosphate dissolved","POSOUTFALL_6057",6
"612","Pentachlorophenol","POSOUTFALL_6057",48
"613","Phenanthrene","POSOUTFALL_6057",49
"614","Prometon","POSOUTFALL_6057",38
"615","Pyrene","POSOUTFALL_6057",49
"616","Surfactants","POSOUTFALL_6057",49
"617","Total Benzofluoranthenes","POSOUTFALL_6057",49
"618","Total Kjeldahl Nitrogen","POSOUTFALL_6057",48
"619","Total PAH","POSOUTFALL_6057",49
"620","Total Phosphorus","POSOUTFALL_6057",48
"621","Total Phosphorus dissolved","POSOUTFALL_6057",43
"622","Total Phthalate","POSOUTFALL_6057",49
"623","Total Suspended Solids","POSOUTFALL_6057",49
"624","Total TPHDx","POSOUTFALL_6057",47
"625","Triclopyr","POSOUTFALL_6057",38
"626","Zinc","POSOUTFALL_6057",49
"627","Zinc dissolved","POSOUTFALL_6057",46
"628","1-Methylnaphthalene","POT564S8D_OUT",32
"629","2-Methylnaphthalene","POT564S8D_OUT",33
"630","2,4-D","POT564S8D_OUT",32
"631","Acenaphthene","POT564S8D_OUT",33
"632","Acenaphthylene","POT564S8D_OUT",33
"633","Anthracene","POT564S8D_OUT",33
"634","Benz(a)anthracene","POT564S8D_OUT",33
"635","Benzo(a)pyrene","POT564S8D_OUT",33
"636","Benzo(b)fluoranthene","POT564S8D_OUT",33
"637","Benzo(g,h,i)perylene","POT564S8D_OUT",33
"638","Benzo(k)fluoranthene","POT564S8D_OUT",33
"639","Bis(2-ethylhexyl) phthalate","POT564S8D_OUT",22
"640","Butyl benzyl phthalate","POT564S8D_OUT",33
"641","Cadmium","POT564S8D_OUT",33
"642","Cadmium dissolved","POT564S8D_OUT",33
"643","Chloride","POT564S8D_OUT",2
"644","Chlorpyrifos","POT564S8D_OUT",32
"645","Chrysene","POT564S8D_OUT",33
"646","Copper","POT564S8D_OUT",33
"647","Copper dissolved","POT564S8D_OUT",33
"648","CPAH","POT564S8D_OUT",33
"649","Di-N-Octyl Phthalate","POT564S8D_OUT",33
"650","Diazinon","POT564S8D_OUT",32
"651","Dibenzo(a,h)anthracene","POT564S8D_OUT",33
"652","Dibutyl phthalate","POT564S8D_OUT",33
"653","Dichlobenil","POT564S8D_OUT",32
"654","Diesel Fuel","POT564S8D_OUT",35
"655","Diethyl phthalate","POT564S8D_OUT",33
"656","Dimethyl phthalate","POT564S8D_OUT",33
"657","Fluoranthene","POT564S8D_OUT",33
"658","Fluorene","POT564S8D_OUT",33
"659","Hardness as CaCO3","POT564S8D_OUT",33
"660","HPAH","POT564S8D_OUT",33
"661","Indeno(1,2,3-cd)pyrene","POT564S8D_OUT",33
"662","Lead","POT564S8D_OUT",33
"663","Lead dissolved","POT564S8D_OUT",33
"664","LPAH","POT564S8D_OUT",33
"665","Malathion","POT564S8D_OUT",32
"666","Mecoprop","POT564S8D_OUT",32
"667","Mercury","POT564S8D_OUT",33
"668","Mercury dissolved","POT564S8D_OUT",33
"669","Naphthalene","POT564S8D_OUT",32
"670","Nitrite-Nitrate","POT564S8D_OUT",31
"671","Oil and grease","POT564S8D_OUT",35
"672","Ortho-phosphate","POT564S8D_OUT",29
"673","Pentachlorophenol","POT564S8D_OUT",33
"674","Phenanthrene","POT564S8D_OUT",32
"675","Prometon","POT564S8D_OUT",32
"676","Pyrene","POT564S8D_OUT",33
"677","Surfactants","POT564S8D_OUT",33
"678","Total Benzofluoranthenes","POT564S8D_OUT",33
"679","Total Kjeldahl Nitrogen","POT564S8D_OUT",30
"680","Total PAH","POT564S8D_OUT",33
"681","Total Phosphorus","POT564S8D_OUT",29
"682","Total Phthalate","POT564S8D_OUT",33
"683","Total Suspended Solids","POT564S8D_OUT",33
"684","Total TPHDx","POT564S8D_OUT",35
"685","TPHGx","POT564S8D_OUT",35
"686","Triclopyr","POT564S8D_OUT",32
"687","Zinc","POT564S8D_OUT",33
"688","Zinc dissolved","POT564S8D_OUT",33
"689","1-Methylnaphthalene","SEAC1S8D_OUT",32
"690","2-Methylnaphthalene","SEAC1S8D_OUT",33
"691","2,4-D","SEAC1S8D_OUT",33
"692","Acenaphthene","SEAC1S8D_OUT",33
"693","Acenaphthylene","SEAC1S8D_OUT",33
"694","Ammonia","SEAC1S8D_OUT",24
"695","Anthracene","SEAC1S8D_OUT",33
"696","Benz(a)anthracene","SEAC1S8D_OUT",33
"697","Benzo(a)pyrene","SEAC1S8D_OUT",33
"698","Benzo(b)fluoranthene","SEAC1S8D_OUT",3
"699","Benzo(g,h,i)perylene","SEAC1S8D_OUT",32
"700","Benzo(k)fluoranthene","SEAC1S8D_OUT",3
"701","Benzofluoranthenes, Total","SEAC1S8D_OUT",30
"702","Bis(2-ethylhexyl) phthalate","SEAC1S8D_OUT",33
"703","Butyl benzyl phthalate","SEAC1S8D_OUT",32
"704","Cadmium","SEAC1S8D_OUT",33
"705","Cadmium dissolved","SEAC1S8D_OUT",33
"706","Calcium","SEAC1S8D_OUT",33
"707","Chloride","SEAC1S8D_OUT",33
"708","Chlorpyrifos","SEAC1S8D_OUT",33
"709","Chrysene","SEAC1S8D_OUT",33
"710","Copper","SEAC1S8D_OUT",33
"711","Copper dissolved","SEAC1S8D_OUT",33
"712","CPAH","SEAC1S8D_OUT",33
"713","Di-N-Octyl Phthalate","SEAC1S8D_OUT",32
"714","Diazinon","SEAC1S8D_OUT",33
"715","Dibenzo(a,h)anthracene","SEAC1S8D_OUT",33
"716","Dibutyl phthalate","SEAC1S8D_OUT",32
"717","Dichlobenil","SEAC1S8D_OUT",29
"718","Diesel Range Organics","SEAC1S8D_OUT",33
"719","Diethyl phthalate","SEAC1S8D_OUT",33
"720","Dimethyl phthalate","SEAC1S8D_OUT",33
"721","Fluoranthene","SEAC1S8D_OUT",32
"722","Fluorene","SEAC1S8D_OUT",33
"723","Gasoline Range Organics","SEAC1S8D_OUT",20
"724","Hardness as CaCO3","SEAC1S8D_OUT",33
"725","HPAH","SEAC1S8D_OUT",33
"726","Indeno(1,2,3-cd)pyrene","SEAC1S8D_OUT",33
"727","Lead","SEAC1S8D_OUT",34
"728","Lead dissolved","SEAC1S8D_OUT",33
"729","LPAH","SEAC1S8D_OUT",33
"730","Magnesium","SEAC1S8D_OUT",33
"731","Malathion","SEAC1S8D_OUT",32
"732","Mecoprop","SEAC1S8D_OUT",33
"733","Mercury","SEAC1S8D_OUT",34
"734","Mercury dissolved","SEAC1S8D_OUT",34
"735","Motor Oil","SEAC1S8D_OUT",17
"736","Naphthalene","SEAC1S8D_OUT",33
"737","Nitrite-Nitrate","SEAC1S8D_OUT",32
"738","Ortho-phosphate","SEAC1S8D_OUT",3
"739","Ortho-Phosphate dissolved","SEAC1S8D_OUT",29
"740","PCB-aroclor 1016","SEAC1S8D_OUT",8
"741","PCB-aroclor 1221","SEAC1S8D_OUT",8
"742","PCB-aroclor 1232","SEAC1S8D_OUT",8
"743","PCB-aroclor 1242","SEAC1S8D_OUT",8
"744","PCB-aroclor 1248","SEAC1S8D_OUT",8
"745","PCB-aroclor 1254","SEAC1S8D_OUT",8
"746","PCB-aroclor 1260","SEAC1S8D_OUT",8
"747","Pentachlorophenol","SEAC1S8D_OUT",33
"748","Phenanthrene","SEAC1S8D_OUT",33
"749","Prometon","SEAC1S8D_OUT",30
"750","Pyrene","SEAC1S8D_OUT",32
"751","Surfactants","SEAC1S8D_OUT",33
"752","Total Benzofluoranthenes","SEAC1S8D_OUT",33
"753","Total Kjeldahl Nitrogen","SEAC1S8D_OUT",32
"754","Total PAH","SEAC1S8D_OUT",33
"755","Total PCB","SEAC1S8D_OUT",8
"756","Total Phosphorus","SEAC1S8D_OUT",32
"757","Total Phthalate","SEAC1S8D_OUT",33
"758","Total Suspended Solids","SEAC1S8D_OUT",32
"759","Total TPHDx","SEAC1S8D_OUT",36
"760","Triclopyr","SEAC1S8D_OUT",30
"761","Zinc","SEAC1S8D_OUT",34
"762","Zinc dissolved","SEAC1S8D_OUT",34
"763","1-Methylnaphthalene","SEAI1S8D_OUT",32
"764","2-Methylnaphthalene","SEAI1S8D_OUT",32
"765","2,4-D","SEAI1S8D_OUT",32
"766","Acenaphthene","SEAI1S8D_OUT",32
"767","Acenaphthylene","SEAI1S8D_OUT",32
"768","Ammonia","SEAI1S8D_OUT",24
"769","Anthracene","SEAI1S8D_OUT",32
"770","Benz(a)anthracene","SEAI1S8D_OUT",32
"771","Benzo(a)pyrene","SEAI1S8D_OUT",32
"772","Benzo(b)fluoranthene","SEAI1S8D_OUT",2
"773","Benzo(g,h,i)perylene","SEAI1S8D_OUT",32
"774","Benzo(k)fluoranthene","SEAI1S8D_OUT",2
"775","Benzofluoranthenes, Total","SEAI1S8D_OUT",30
"776","Bis(2-ethylhexyl) phthalate","SEAI1S8D_OUT",32
"777","Butyl benzyl phthalate","SEAI1S8D_OUT",32
"778","Cadmium","SEAI1S8D_OUT",33
"779","Cadmium dissolved","SEAI1S8D_OUT",33
"780","Calcium","SEAI1S8D_OUT",32
"781","Chloride","SEAI1S8D_OUT",32
"782","Chlorpyrifos","SEAI1S8D_OUT",32
"783","Chrysene","SEAI1S8D_OUT",32
"784","Copper","SEAI1S8D_OUT",33
"785","Copper dissolved","SEAI1S8D_OUT",33
"786","CPAH","SEAI1S8D_OUT",32
"787","Di-N-Octyl Phthalate","SEAI1S8D_OUT",32
"788","Diazinon","SEAI1S8D_OUT",32
"789","Dibenzo(a,h)anthracene","SEAI1S8D_OUT",32
"790","Dibutyl phthalate","SEAI1S8D_OUT",32
"791","Dichlobenil","SEAI1S8D_OUT",30
"792","Diesel Range Organics","SEAI1S8D_OUT",31
"793","Diethyl phthalate","SEAI1S8D_OUT",32
"794","Dimethyl phthalate","SEAI1S8D_OUT",32
"795","Fluoranthene","SEAI1S8D_OUT",32
"796","Fluorene","SEAI1S8D_OUT",32
"797","Gasoline Range Organics","SEAI1S8D_OUT",24
"798","Hardness as CaCO3","SEAI1S8D_OUT",32
"799","HPAH","SEAI1S8D_OUT",32
"800","Indeno(1,2,3-cd)pyrene","SEAI1S8D_OUT",32
"801","Lead","SEAI1S8D_OUT",33
"802","Lead dissolved","SEAI1S8D_OUT",33
"803","LPAH","SEAI1S8D_OUT",32
"804","Magnesium","SEAI1S8D_OUT",32
"805","Malathion","SEAI1S8D_OUT",32
"806","Mecoprop","SEAI1S8D_OUT",32
"807","Mercury","SEAI1S8D_OUT",33
"808","Mercury dissolved","SEAI1S8D_OUT",33
"809","Motor Oil","SEAI1S8D_OUT",22
"810","Naphthalene","SEAI1S8D_OUT",32
"811","Nitrite-Nitrate","SEAI1S8D_OUT",32
"812","Ortho-phosphate","SEAI1S8D_OUT",2
"813","Ortho-Phosphate dissolved","SEAI1S8D_OUT",30
"814","PCB-aroclor 1016","SEAI1S8D_OUT",9
"815","PCB-aroclor 1221","SEAI1S8D_OUT",9
"816","PCB-aroclor 1232","SEAI1S8D_OUT",9
"817","PCB-aroclor 1242","SEAI1S8D_OUT",9
"818","PCB-aroclor 1248","SEAI1S8D_OUT",9
"819","PCB-aroclor 1254","SEAI1S8D_OUT",9
"820","PCB-aroclor 1260","SEAI1S8D_OUT",9
"821","Pentachlorophenol","SEAI1S8D_OUT",32
"822","Phenanthrene","SEAI1S8D_OUT",32
"823","Prometon","SEAI1S8D_OUT",30
"824","Pyrene","SEAI1S8D_OUT",32
"825","Surfactants","SEAI1S8D_OUT",32
"826","Total Benzofluoranthenes","SEAI1S8D_OUT",32
"827","Total Kjeldahl Nitrogen","SEAI1S8D_OUT",32
"828","Total PAH","SEAI1S8D_OUT",32
"829","Total PCB","SEAI1S8D_OUT",9
"830","Total Phosphorus","SEAI1S8D_OUT",32
"831","Total Phthalate","SEAI1S8D_OUT",32
"832","Total Suspended Solids","SEAI1S8D_OUT",32
"833","Total TPHDx","SEAI1S8D_OUT",34
"834","Triclopyr","SEAI1S8D_OUT",30
"835","Zinc","SEAI1S8D_OUT",33
"836","Zinc dissolved","SEAI1S8D_OUT",33
"837","1-Methylnaphthalene","SEAR1S8D_OUT",34
"838","2-Methylnaphthalene","SEAR1S8D_OUT",34
"839","2,4-D","SEAR1S8D_OUT",34
"840","Acenaphthene","SEAR1S8D_OUT",34
"841","Acenaphthylene","SEAR1S8D_OUT",34
"842","Ammonia","SEAR1S8D_OUT",23
"843","Anthracene","SEAR1S8D_OUT",34
"844","Benz(a)anthracene","SEAR1S8D_OUT",34
"845","Benzo(a)pyrene","SEAR1S8D_OUT",34
"846","Benzo(b)fluoranthene","SEAR1S8D_OUT",7
"847","Benzo(g,h,i)perylene","SEAR1S8D_OUT",34
"848","Benzo(k)fluoranthene","SEAR1S8D_OUT",7
"849","Benzofluoranthenes, Total","SEAR1S8D_OUT",27
"850","Bis(2-ethylhexyl) phthalate","SEAR1S8D_OUT",34
"851","Butyl benzyl phthalate","SEAR1S8D_OUT",34
"852","Cadmium","SEAR1S8D_OUT",34
"853","Cadmium dissolved","SEAR1S8D_OUT",34
"854","Calcium","SEAR1S8D_OUT",34
"855","Chloride","SEAR1S8D_OUT",34
"856","Chlorpyrifos","SEAR1S8D_OUT",34
"857","Chrysene","SEAR1S8D_OUT",34
"858","Copper","SEAR1S8D_OUT",34
"859","Copper dissolved","SEAR1S8D_OUT",34
"860","CPAH","SEAR1S8D_OUT",34
"861","Di-N-Octyl Phthalate","SEAR1S8D_OUT",34
"862","Diazinon","SEAR1S8D_OUT",34
"863","Dibenzo(a,h)anthracene","SEAR1S8D_OUT",34
"864","Dibutyl phthalate","SEAR1S8D_OUT",34
"865","Dichlobenil","SEAR1S8D_OUT",30
"866","Diesel Range Organics","SEAR1S8D_OUT",36
"867","Diethyl phthalate","SEAR1S8D_OUT",34
"868","Dimethyl phthalate","SEAR1S8D_OUT",34
"869","Fluoranthene","SEAR1S8D_OUT",34
"870","Fluorene","SEAR1S8D_OUT",34
"871","Gasoline Range Organics","SEAR1S8D_OUT",26
"872","Hardness as CaCO3","SEAR1S8D_OUT",34
"873","HPAH","SEAR1S8D_OUT",34
"874","Indeno(1,2,3-cd)pyrene","SEAR1S8D_OUT",34
"875","Lead","SEAR1S8D_OUT",34
"876","Lead dissolved","SEAR1S8D_OUT",34
"877","LPAH","SEAR1S8D_OUT",34
"878","Magnesium","SEAR1S8D_OUT",34
"879","Malathion","SEAR1S8D_OUT",34
"880","Mecoprop","SEAR1S8D_OUT",34
"881","Mercury","SEAR1S8D_OUT",1
"882","Mercury dissolved","SEAR1S8D_OUT",1
"883","Motor Oil","SEAR1S8D_OUT",19
"884","Naphthalene","SEAR1S8D_OUT",34
"885","Nitrite-Nitrate","SEAR1S8D_OUT",34
"886","Ortho-phosphate","SEAR1S8D_OUT",7
"887","Ortho-Phosphate dissolved","SEAR1S8D_OUT",27
"888","PCB-aroclor 1016","SEAR1S8D_OUT",10
"889","PCB-aroclor 1221","SEAR1S8D_OUT",10
"890","PCB-aroclor 1232","SEAR1S8D_OUT",10
"891","PCB-aroclor 1242","SEAR1S8D_OUT",10
"892","PCB-aroclor 1248","SEAR1S8D_OUT",10
"893","PCB-aroclor 1254","SEAR1S8D_OUT",10
"894","PCB-aroclor 1260","SEAR1S8D_OUT",10
"895","Pentachlorophenol","SEAR1S8D_OUT",34
"896","Phenanthrene","SEAR1S8D_OUT",34
"897","Prometon","SEAR1S8D_OUT",30
"898","Pyrene","SEAR1S8D_OUT",34
"899","Surfactants","SEAR1S8D_OUT",34
"900","Total Benzofluoranthenes","SEAR1S8D_OUT",34
"901","Total Kjeldahl Nitrogen","SEAR1S8D_OUT",34
"902","Total PAH","SEAR1S8D_OUT",34
"903","Total PCB","SEAR1S8D_OUT",10
"904","Total Phosphorus","SEAR1S8D_OUT",34
"905","Total Phthalate","SEAR1S8D_OUT",34
"906","Total Suspended Solids","SEAR1S8D_OUT",34
"907","Total TPHDx","SEAR1S8D_OUT",37
"908","Triclopyr","SEAR1S8D_OUT",30
"909","Zinc","SEAR1S8D_OUT",34
"910","Zinc dissolved","SEAR1S8D_OUT",34
"911","1-Methylnaphthalene","SNO_COM",20
"912","2-Methylnaphthalene","SNO_COM",39
"913","2,4-D","SNO_COM",39
"914","Acenaphthene","SNO_COM",39
"915","Acenaphthylene","SNO_COM",39
"916","Anthracene","SNO_COM",39
"917","Benzene","SNO_COM",36
"918","Benzo(a)pyrene","SNO_COM",38
"919","Benzo(b)fluoranthene","SNO_COM",39
"920","Benzo(g,h,i)perylene","SNO_COM",39
"921","Benzo(k)fluoranthene","SNO_COM",39
"922","Bis(2-ethylhexyl) phthalate","SNO_COM",39
"923","BTEX","SNO_COM",36
"924","Butyl benzyl phthalate","SNO_COM",39
"925","Cadmium","SNO_COM",39
"926","Cadmium dissolved","SNO_COM",39
"927","Calcium","SNO_COM",39
"928","Chloride","SNO_COM",37
"929","Chlorpyrifos","SNO_COM",39
"930","Chrysene","SNO_COM",39
"931","Copper","SNO_COM",36
"932","Copper dissolved","SNO_COM",33
"933","CPAH","SNO_COM",39
"934","Di-N-Octyl Phthalate","SNO_COM",39
"935","Diazinon","SNO_COM",39
"936","Dibenzo(a,h)anthracene","SNO_COM",39
"937","Dibutyl phthalate","SNO_COM",39
"938","Dichlobenil","SNO_COM",39
"939","Diesel Range Organics","SNO_COM",36
"940","Diethyl phthalate","SNO_COM",39
"941","Dimethyl phthalate","SNO_COM",39
"942","Ethylbenzene","SNO_COM",36
"943","Fluoranthene","SNO_COM",39
"944","Fluorene","SNO_COM",39
"945","Gasoline Range Organics","SNO_COM",36
"946","Hardness as CaCO3","SNO_COM",39
"947","Heavy Fuel Oil","SNO_COM",36
"948","HPAH","SNO_COM",39
"949","Indeno(1,2,3-cd)pyrene","SNO_COM",39
"950","Lead","SNO_COM",38
"951","Lead dissolved","SNO_COM",37
"952","LPAH","SNO_COM",39
"953","Magnesium","SNO_COM",39
"954","Malathion","SNO_COM",39
"955","Mecoprop","SNO_COM",39
"956","Mercury","SNO_COM",37
"957","Mercury dissolved","SNO_COM",37
"958","Naphthalene","SNO_COM",39
"959","Nitrite-Nitrate","SNO_COM",37
"960","Ortho-phosphate dissolved","SNO_COM",39
"961","Pentachlorophenol","SNO_COM",38
"962","Phenanthrene","SNO_COM",39
"963","Prometon","SNO_COM",39
"964","Pyrene","SNO_COM",39
"965","Surfactants","SNO_COM",39
"966","Toluene","SNO_COM",36
"967","Total Benzofluoranthenes","SNO_COM",39
"968","Total Kjeldahl Nitrogen","SNO_COM",34
"969","Total PAH","SNO_COM",39
"970","Total Phosphorus","SNO_COM",38
"971","Total Phthalate","SNO_COM",39
"972","Total Suspended Solids","SNO_COM",30
"973","Total TPHDx","SNO_COM",36
"974","Total Xylenes","SNO_COM",36
"975","Triclopyr","SNO_COM",39
"976","Zinc","SNO_COM",34
"977","Zinc dissolved","SNO_COM",33
"978","1-Methylnaphthalene","SNO_HDR",19
"979","2-Methylnaphthalene","SNO_HDR",38
"980","2,4-D","SNO_HDR",38
"981","Acenaphthene","SNO_HDR",38
"982","Acenaphthylene","SNO_HDR",38
"983","Anthracene","SNO_HDR",38
"984","Benzene","SNO_HDR",38
"985","Benzo(a)pyrene","SNO_HDR",37
"986","Benzo(b)fluoranthene","SNO_HDR",38
"987","Benzo(g,h,i)perylene","SNO_HDR",38
"988","Benzo(k)fluoranthene","SNO_HDR",38
"989","Bis(2-ethylhexyl) phthalate","SNO_HDR",38
"990","BTEX","SNO_HDR",38
"991","Butyl benzyl phthalate","SNO_HDR",38
"992","Cadmium","SNO_HDR",38
"993","Cadmium dissolved","SNO_HDR",37
"994","Calcium","SNO_HDR",38
"995","Chloride","SNO_HDR",37
"996","Chlorpyrifos","SNO_HDR",38
"997","Chrysene","SNO_HDR",38
"998","Copper","SNO_HDR",35
"999","Copper dissolved","SNO_HDR",27
"1000","CPAH","SNO_HDR",38
"1001","Di-N-Octyl Phthalate","SNO_HDR",38
"1002","Diazinon","SNO_HDR",38
"1003","Dibenzo(a,h)anthracene","SNO_HDR",38
"1004","Dibutyl phthalate","SNO_HDR",38
"1005","Dichlobenil","SNO_HDR",38
"1006","Diesel Range Organics","SNO_HDR",38
"1007","Diethyl phthalate","SNO_HDR",38
"1008","Dimethyl phthalate","SNO_HDR",38
"1009","Ethylbenzene","SNO_HDR",38
"1010","Fluoranthene","SNO_HDR",38
"1011","Fluorene","SNO_HDR",38
"1012","Gasoline Range Organics","SNO_HDR",38
"1013","Hardness as CaCO3","SNO_HDR",38
"1014","Heavy Fuel Oil","SNO_HDR",38
"1015","HPAH","SNO_HDR",38
"1016","Indeno(1,2,3-cd)pyrene","SNO_HDR",38
"1017","Lead","SNO_HDR",37
"1018","Lead dissolved","SNO_HDR",36
"1019","LPAH","SNO_HDR",38
"1020","Magnesium","SNO_HDR",38
"1021","Malathion","SNO_HDR",38
"1022","Mecoprop","SNO_HDR",38
"1023","Mercury","SNO_HDR",5
"1024","Mercury dissolved","SNO_HDR",5
"1025","Naphthalene","SNO_HDR",37
"1026","Nitrite-Nitrate","SNO_HDR",35
"1027","Ortho-phosphate dissolved","SNO_HDR",37
"1028","Pentachlorophenol","SNO_HDR",38
"1029","Phenanthrene","SNO_HDR",38
"1030","Prometon","SNO_HDR",38
"1031","Pyrene","SNO_HDR",38
"1032","Surfactants","SNO_HDR",38
"1033","Toluene","SNO_HDR",38
"1034","Total Benzofluoranthenes","SNO_HDR",38
"1035","Total Kjeldahl Nitrogen","SNO_HDR",34
"1036","Total PAH","SNO_HDR",38
"1037","Total Phosphorus","SNO_HDR",37
"1038","Total Phthalate","SNO_HDR",38
"1039","Total Suspended Solids","SNO_HDR",31
"1040","Total TPHDx","SNO_HDR",38
"1041","Total Xylenes","SNO_HDR",38
"1042","Triclopyr","SNO_HDR",38
"1043","Zinc","SNO_HDR",35
"1044","Zinc dissolved","SNO_HDR",24
"1045","1-Methylnaphthalene","SNO_LDR",28
"1046","2-Methylnaphthalene","SNO_LDR",46
"1047","2,4-D","SNO_LDR",46
"1048","Acenaphthene","SNO_LDR",46
"1049","Acenaphthylene","SNO_LDR",46
"1050","Anthracene","SNO_LDR",46
"1051","Benzene","SNO_LDR",46
"1052","Benzo(a)pyrene","SNO_LDR",45
"1053","Benzo(b)fluoranthene","SNO_LDR",46
"1054","Benzo(g,h,i)perylene","SNO_LDR",46
"1055","Benzo(k)fluoranthene","SNO_LDR",46
"1056","Bis(2-ethylhexyl) phthalate","SNO_LDR",46
"1057","BTEX","SNO_LDR",46
"1058","Butyl benzyl phthalate","SNO_LDR",46
"1059","Cadmium","SNO_LDR",46
"1060","Cadmium dissolved","SNO_LDR",46
"1061","Calcium","SNO_LDR",46
"1062","Chloride","SNO_LDR",45
"1063","Chlorpyrifos","SNO_LDR",46
"1064","Chrysene","SNO_LDR",46
"1065","Copper","SNO_LDR",43
"1066","Copper dissolved","SNO_LDR",33
"1067","CPAH","SNO_LDR",46
"1068","Di-N-Octyl Phthalate","SNO_LDR",46
"1069","Diazinon","SNO_LDR",46
"1070","Dibenzo(a,h)anthracene","SNO_LDR",46
"1071","Dibutyl phthalate","SNO_LDR",46
"1072","Dichlobenil","SNO_LDR",46
"1073","Diesel Range Organics","SNO_LDR",46
"1074","Diethyl phthalate","SNO_LDR",46
"1075","Dimethyl phthalate","SNO_LDR",46
"1076","Ethylbenzene","SNO_LDR",46
"1077","Fluoranthene","SNO_LDR",46
"1078","Fluorene","SNO_LDR",46
"1079","Gasoline Range Organics","SNO_LDR",46
"1080","Hardness as CaCO3","SNO_LDR",46
"1081","Heavy Fuel Oil","SNO_LDR",45
"1082","HPAH","SNO_LDR",46
"1083","Indeno(1,2,3-cd)pyrene","SNO_LDR",46
"1084","Lead","SNO_LDR",45
"1085","Lead dissolved","SNO_LDR",40
"1086","LPAH","SNO_LDR",46
"1087","Magnesium","SNO_LDR",45
"1088","Malathion","SNO_LDR",46
"1089","Mecoprop","SNO_LDR",46
"1090","Mercury","SNO_LDR",7
"1091","Mercury dissolved","SNO_LDR",6
"1092","Naphthalene","SNO_LDR",45
"1093","Nitrite-Nitrate","SNO_LDR",45
"1094","Ortho-phosphate dissolved","SNO_LDR",45
"1095","Pentachlorophenol","SNO_LDR",46
"1096","Phenanthrene","SNO_LDR",46
"1097","Prometon","SNO_LDR",46
"1098","Pyrene","SNO_LDR",46
"1099","Surfactants","SNO_LDR",44
"1100","Toluene","SNO_LDR",46
"1101","Total Benzofluoranthenes","SNO_LDR",46
"1102","Total Kjeldahl Nitrogen","SNO_LDR",44
"1103","Total PAH","SNO_LDR",46
"1104","Total Phosphorus","SNO_LDR",45
"1105","Total Phthalate","SNO_LDR",46
"1106","Total Suspended Solids","SNO_LDR",38
"1107","Total TPHDx","SNO_LDR",46
"1108","Total Xylenes","SNO_LDR",46
"1109","Triclopyr","SNO_LDR",46
"1110","Zinc","SNO_LDR",43
"1111","Zinc dissolved","SNO_LDR",36
"1112","2-Methylnaphthalene","TAC001S8D_OF235",42
"1113","2,4-D","TAC001S8D_OF235",28
"1114","Acenaphthene","TAC001S8D_OF235",42
"1115","Acenaphthylene","TAC001S8D_OF235",42
"1116","Anthracene","TAC001S8D_OF235",42
"1117","Benz(a)anthracene","TAC001S8D_OF235",42
"1118","Benzo(a)pyrene","TAC001S8D_OF235",42
"1119","Benzo(b,k)fluoranthene","TAC001S8D_OF235",42
"1120","Benzo(g,h,i)perylene","TAC001S8D_OF235",42
"1121","Bis(2-ethylhexyl) phthalate","TAC001S8D_OF235",42
"1122","Butyl benzyl phthalate","TAC001S8D_OF235",42
"1123","Cadmium","TAC001S8D_OF235",42
"1124","Cadmium dissolved","TAC001S8D_OF235",42
"1125","Chloride","TAC001S8D_OF235",23
"1126","Chlorpyrifos","TAC001S8D_OF235",42
"1127","Chrysene","TAC001S8D_OF235",42
"1128","Copper","TAC001S8D_OF235",42
"1129","Copper dissolved","TAC001S8D_OF235",42
"1130","CPAH","TAC001S8D_OF235",42
"1131","Di-N-Octyl Phthalate","TAC001S8D_OF235",42
"1132","Diazinon","TAC001S8D_OF235",42
"1133","Dibenzo(a,h)anthracene","TAC001S8D_OF235",42
"1134","Dibutyl phthalate","TAC001S8D_OF235",42
"1135","Dichlobenil","TAC001S8D_OF235",41
"1136","Diesel Range Organics","TAC001S8D_OF235",20
"1137","Diethyl phthalate","TAC001S8D_OF235",42
"1138","Dimethyl phthalate","TAC001S8D_OF235",42
"1139","Fluoranthene","TAC001S8D_OF235",42
"1140","Fluorene","TAC001S8D_OF235",42
"1141","Gasoline Range Organics","TAC001S8D_OF235",20
"1142","Hardness as CaCO3","TAC001S8D_OF235",42
"1143","Heavy Fuel Oil","TAC001S8D_OF235",20
"1144","HPAH","TAC001S8D_OF235",42
"1145","Indeno(1,2,3-cd)pyrene","TAC001S8D_OF235",42
"1146","Lead","TAC001S8D_OF235",42
"1147","Lead dissolved","TAC001S8D_OF235",42
"1148","LPAH","TAC001S8D_OF235",42
"1149","Malathion","TAC001S8D_OF235",42
"1150","Mecoprop","TAC001S8D_OF235",29
"1151","Mercury","TAC001S8D_OF235",42
"1152","Mercury dissolved","TAC001S8D_OF235",42
"1153","Naphthalene","TAC001S8D_OF235",41
"1154","Nitrite-Nitrate","TAC001S8D_OF235",24
"1155","Ortho-phosphate dissolved","TAC001S8D_OF235",25
"1156","Pentachlorophenol","TAC001S8D_OF235",29
"1157","Phenanthrene","TAC001S8D_OF235",42
"1158","Prometon","TAC001S8D_OF235",39
"1159","Pyrene","TAC001S8D_OF235",42
"1160","Surfactants","TAC001S8D_OF235",31
"1161","Total Benzofluoranthenes","TAC001S8D_OF235",42
"1162","Total Kjeldahl Nitrogen","TAC001S8D_OF235",25
"1163","Total PAH","TAC001S8D_OF235",42
"1164","Total Phosphorus","TAC001S8D_OF235",22
"1165","Total Phthalate","TAC001S8D_OF235",42
"1166","Total Suspended Solids","TAC001S8D_OF235",38
"1167","Total TPHDx","TAC001S8D_OF235",21
"1168","Triclopyr","TAC001S8D_OF235",28
"1169","Zinc","TAC001S8D_OF235",42
"1170","Zinc dissolved","TAC001S8D_OF235",42
"1171","2-Methylnaphthalene","TAC003S8D_OF245",32
"1172","2,4-D","TAC003S8D_OF245",23
"1173","Acenaphthene","TAC003S8D_OF245",32
"1174","Acenaphthylene","TAC003S8D_OF245",32
"1175","Anthracene","TAC003S8D_OF245",32
"1176","Benz(a)anthracene","TAC003S8D_OF245",32
"1177","Benzo(a)pyrene","TAC003S8D_OF245",32
"1178","Benzo(b,k)fluoranthene","TAC003S8D_OF245",32
"1179","Benzo(g,h,i)perylene","TAC003S8D_OF245",32
"1180","Bis(2-ethylhexyl) phthalate","TAC003S8D_OF245",31
"1181","Butyl benzyl phthalate","TAC003S8D_OF245",32
"1182","Cadmium","TAC003S8D_OF245",33
"1183","Cadmium dissolved","TAC003S8D_OF245",33
"1184","Chloride","TAC003S8D_OF245",18
"1185","Chlorpyrifos","TAC003S8D_OF245",32
"1186","Chrysene","TAC003S8D_OF245",32
"1187","Copper","TAC003S8D_OF245",33
"1188","Copper dissolved","TAC003S8D_OF245",32
"1189","CPAH","TAC003S8D_OF245",32
"1190","Di-N-Octyl Phthalate","TAC003S8D_OF245",32
"1191","Diazinon","TAC003S8D_OF245",32
"1192","Dibenzo(a,h)anthracene","TAC003S8D_OF245",32
"1193","Dibutyl phthalate","TAC003S8D_OF245",32
"1194","Dichlobenil","TAC003S8D_OF245",31
"1195","Diesel Range Organics","TAC003S8D_OF245",19
"1196","Diethyl phthalate","TAC003S8D_OF245",32
"1197","Dimethyl phthalate","TAC003S8D_OF245",32
"1198","Fluoranthene","TAC003S8D_OF245",32
"1199","Fluorene","TAC003S8D_OF245",32
"1200","Gasoline Range Organics","TAC003S8D_OF245",20
"1201","Hardness as CaCO3","TAC003S8D_OF245",33
"1202","Heavy Fuel Oil","TAC003S8D_OF245",19
"1203","HPAH","TAC003S8D_OF245",32
"1204","Indeno(1,2,3-cd)pyrene","TAC003S8D_OF245",32
"1205","Lead","TAC003S8D_OF245",33
"1206","Lead dissolved","TAC003S8D_OF245",33
"1207","LPAH","TAC003S8D_OF245",32
"1208","Malathion","TAC003S8D_OF245",32
"1209","Mecoprop","TAC003S8D_OF245",23
"1210","Mercury","TAC003S8D_OF245",33
"1211","Mercury dissolved","TAC003S8D_OF245",33
"1212","Naphthalene","TAC003S8D_OF245",31
"1213","Nitrite-Nitrate","TAC003S8D_OF245",20
"1214","Ortho-phosphate dissolved","TAC003S8D_OF245",22
"1215","Pentachlorophenol","TAC003S8D_OF245",23
"1216","Phenanthrene","TAC003S8D_OF245",32
"1217","Prometon","TAC003S8D_OF245",30
"1218","Pyrene","TAC003S8D_OF245",32
"1219","Surfactants","TAC003S8D_OF245",24
"1220","Total Benzofluoranthenes","TAC003S8D_OF245",32
"1221","Total Kjeldahl Nitrogen","TAC003S8D_OF245",21
"1222","Total PAH","TAC003S8D_OF245",32
"1223","Total Phosphorus","TAC003S8D_OF245",19
"1224","Total Phthalate","TAC003S8D_OF245",32
"1225","Total Suspended Solids","TAC003S8D_OF245",30
"1226","Total TPHDx","TAC003S8D_OF245",20
"1227","Triclopyr","TAC003S8D_OF245",23
"1228","Zinc","TAC003S8D_OF245",32
"1229","Zinc dissolved","TAC003S8D_OF245",32
"1230","2-Methylnaphthalene","TFWFD1",52
"1231","2,4-D","TFWFD1",34
"1232","Acenaphthene","TFWFD1",52
"1233","Acenaphthylene","TFWFD1",52
"1234","Anthracene","TFWFD1",52
"1235","Benz(a)anthracene","TFWFD1",52
"1236","Benzo(a)pyrene","TFWFD1",52
"1237","Benzo(b,k)fluoranthene","TFWFD1",52
"1238","Benzo(g,h,i)perylene","TFWFD1",52
"1239","Bis(2-ethylhexyl) phthalate","TFWFD1",52
"1240","Butyl benzyl phthalate","TFWFD1",52
"1241","Cadmium","TFWFD1",52
"1242","Cadmium dissolved","TFWFD1",52
"1243","Chloride","TFWFD1",35
"1244","Chlorpyrifos","TFWFD1",52
"1245","Chrysene","TFWFD1",52
"1246","Copper","TFWFD1",51
"1247","Copper dissolved","TFWFD1",47
"1248","CPAH","TFWFD1",52
"1249","Di-N-Octyl Phthalate","TFWFD1",51
"1250","Diazinon","TFWFD1",52
"1251","Dibenzo(a,h)anthracene","TFWFD1",52
"1252","Dibutyl phthalate","TFWFD1",52
"1253","Dichlobenil","TFWFD1",51
"1254","Diesel Range Organics","TFWFD1",30
"1255","Diethyl phthalate","TFWFD1",52
"1256","Dimethyl phthalate","TFWFD1",52
"1257","Fluoranthene","TFWFD1",52
"1258","Fluorene","TFWFD1",52
"1259","Gasoline Range Organics","TFWFD1",30
"1260","Hardness as CaCO3","TFWFD1",52
"1261","Heavy Fuel Oil","TFWFD1",30
"1262","HPAH","TFWFD1",52
"1263","Indeno(1,2,3-cd)pyrene","TFWFD1",52
"1264","Lead","TFWFD1",51
"1265","Lead dissolved","TFWFD1",52
"1266","LPAH","TFWFD1",52
"1267","Malathion","TFWFD1",52
"1268","Mecoprop","TFWFD1",35
"1269","Mercury","TFWFD1",52
"1270","Mercury dissolved","TFWFD1",52
"1271","Naphthalene","TFWFD1",51
"1272","Nitrite-Nitrate","TFWFD1",42
"1273","Ortho-phosphate dissolved","TFWFD1",44
"1274","Pentachlorophenol","TFWFD1",35
"1275","Phenanthrene","TFWFD1",52
"1276","Prometon","TFWFD1",50
"1277","Pyrene","TFWFD1",52
"1278","Surfactants","TFWFD1",44
"1279","Total Benzofluoranthenes","TFWFD1",52
"1280","Total Kjeldahl Nitrogen","TFWFD1",42
"1281","Total PAH","TFWFD1",52
"1282","Total Phosphorus","TFWFD1",40
"1283","Total Phthalate","TFWFD1",52
"1284","Total Suspended Solids","TFWFD1",48
"1285","Total TPHDx","TFWFD1",31
"1286","Triclopyr","TFWFD1",34
"1287","Zinc","TFWFD1",52
"1288","Zinc dissolved","TFWFD1",52
