"","parameter","location","x"
"1","2-Methylnaphthalene water  (ug/L)","GM34921",0
"2","2,4-D water  (ug/L)","GM34921",0
"3","Acenaphthene water  (ug/L)","GM34921",0
"4","Acenaphthylene water  (ug/L)","GM34921",0
"5","Anthracene water  (ug/L)","GM34921",0
"6","Benz(a)anthracene water  (ug/L)","GM34921",0
"7","Benzo(a)pyrene water  (ug/L)","GM34921",0
"8","Benzo(b)fluoranthene water  (ug/L)","GM34921",0
"9","Benzo(g,h,i)perylene water  (ug/L)","GM34921",0
"10","Benzo(k)fluoranthene water  (ug/L)","GM34921",0
"11","Bis(2-ethylhexyl) phthalate water  (ug/L)","GM34921",0
"12","Butyl benzyl phthalate water  (ug/L)","GM34921",0
"13","Cadmium water  (ug/L)","GM34921",0
"14","Cadmium water dissolved (ug/L)","GM34921",0
"15","Chloride water  (ug/L)","GM34921",0
"16","Chlorpyrifos water  (ug/L)","GM34921",0
"17","Chrysene water  (ug/L)","GM34921",0
"18","Copper water  (ug/L)","GM34921",0
"19","Copper water dissolved (ug/L)","GM34921",0
"20","CPAH water  (ug/L)","GM34921",0
"21","Di-N-Octyl Phthalate water  (ug/L)","GM34921",0
"22","Diazinon water  (ug/L)","GM34921",0
"23","Dibenzo(a,h)anthracene water  (ug/L)","GM34921",0
"24","Dibutyl phthalate water  (ug/L)","GM34921",0
"25","Dichlobenil water  (ug/L)","GM34921",0
"26","Diesel Range Organics water  (ug/L)","GM34921",4
"27","Diethyl phthalate water  (ug/L)","GM34921",0
"28","Dimethyl phthalate water  (ug/L)","GM34921",0
"29","Fluoranthene water  (ug/L)","GM34921",0
"30","Fluorene water  (ug/L)","GM34921",0
"31","Gasoline Range Organics water  (ug/L)","GM34921",4
"32","Hardness as CaCO3 water  (ug/L)","GM34921",0
"33","Heavy Fuel Oil water  (ug/L)","GM34921",4
"34","HPAH water  (ug/L)","GM34921",0
"35","Indeno(1,2,3-cd)pyrene water  (ug/L)","GM34921",0
"36","Lead water  (ug/L)","GM34921",0
"37","Lead water dissolved (ug/L)","GM34921",0
"38","LPAH water  (ug/L)","GM34921",0
"39","Malathion water  (ug/L)","GM34921",0
"40","Mecoprop water  (ug/L)","GM34921",0
"41","Mercury water  (ug/L)","GM34921",0
"42","Mercury water dissolved (ug/L)","GM34921",0
"43","Naphthalene water  (ug/L)","GM34921",0
"44","Nitrite-Nitrate water dissolved (ug/L)","GM34921",0
"45","Ortho-phosphate water dissolved (ug/L)","GM34921",0
"46","Pentachlorophenol water  (ug/L)","GM34921",0
"47","Phenanthrene water  (ug/L)","GM34921",0
"48","Prometon water  (ug/L)","GM34921",0
"49","Pyrene water  (ug/L)","GM34921",0
"50","Surfactants water  (ug/L)","GM34921",0
"51","Total Benzofluoranthenes water  (ug/L)","GM34921",0
"52","Total Kjeldahl Nitrogen water  (ug/L)","GM34921",0
"53","Total PAH water  (ug/L)","GM34921",0
"54","Total Phosphorus water  (ug/L)","GM34921",0
"55","Total Phthalate water  (ug/L)","GM34921",0
"56","Total Suspended Solids water  (ug/L)","GM34921",0
"57","Total TPHDx water  (ug/L)","GM34921",4
"58","Triclopyr water  (ug/L)","GM34921",0
"59","Zinc water  (ug/L)","GM34921",0
"60","Zinc water dissolved (ug/L)","GM34921",0
"61","2-Methylnaphthalene water  (ug/L)","KICCOMS8D_OUT",0
"62","2,4-D water  (ug/L)","KICCOMS8D_OUT",0
"63","Acenaphthene water  (ug/L)","KICCOMS8D_OUT",0
"64","Acenaphthylene water  (ug/L)","KICCOMS8D_OUT",0
"65","Anthracene water  (ug/L)","KICCOMS8D_OUT",0
"66","Arsenic water dissolved (ug/L)","KICCOMS8D_OUT",0
"67","Benz(a)anthracene water  (ug/L)","KICCOMS8D_OUT",0
"68","Benzo(a)pyrene water  (ug/L)","KICCOMS8D_OUT",0
"69","Benzo(b)fluoranthene water  (ug/L)","KICCOMS8D_OUT",0
"70","Benzo(g,h,i)perylene water  (ug/L)","KICCOMS8D_OUT",0
"71","Benzo(k)fluoranthene water  (ug/L)","KICCOMS8D_OUT",0
"72","Benzofluoranthenes, Total water  (ug/L)","KICCOMS8D_OUT",0
"73","Bis(2-ethylhexyl) phthalate water  (ug/L)","KICCOMS8D_OUT",0
"74","Butyl benzyl phthalate water  (ug/L)","KICCOMS8D_OUT",0
"75","Cadmium water  (ug/L)","KICCOMS8D_OUT",0
"76","Cadmium water dissolved (ug/L)","KICCOMS8D_OUT",0
"77","Calcium water  (ug/L)","KICCOMS8D_OUT",0
"78","Chloride water  (ug/L)","KICCOMS8D_OUT",0
"79","Chlorpyrifos water  (ug/L)","KICCOMS8D_OUT",0
"80","Chrysene water  (ug/L)","KICCOMS8D_OUT",0
"81","Copper water  (ug/L)","KICCOMS8D_OUT",0
"82","Copper water dissolved (ug/L)","KICCOMS8D_OUT",0
"83","CPAH water  (ug/L)","KICCOMS8D_OUT",0
"84","Di-N-Octyl Phthalate water  (ug/L)","KICCOMS8D_OUT",0
"85","Diazinon water  (ug/L)","KICCOMS8D_OUT",0
"86","Dibenzo(a,h)anthracene water  (ug/L)","KICCOMS8D_OUT",0
"87","Dibutyl phthalate water  (ug/L)","KICCOMS8D_OUT",0
"88","Dichlobenil water  (ug/L)","KICCOMS8D_OUT",0
"89","Diesel Range Organics water  (ug/L)","KICCOMS8D_OUT",15
"90","Diethyl phthalate water  (ug/L)","KICCOMS8D_OUT",0
"91","Dimethyl phthalate water  (ug/L)","KICCOMS8D_OUT",0
"92","Fluoranthene water  (ug/L)","KICCOMS8D_OUT",0
"93","Fluorene water  (ug/L)","KICCOMS8D_OUT",0
"94","Gasoline Range Organics water  (ug/L)","KICCOMS8D_OUT",15
"95","Hardness as CaCO3 water  (ug/L)","KICCOMS8D_OUT",0
"96","Heavy Fuel Oil water  (ug/L)","KICCOMS8D_OUT",1
"97","HPAH water  (ug/L)","KICCOMS8D_OUT",0
"98","Indeno(1,2,3-cd)pyrene water  (ug/L)","KICCOMS8D_OUT",0
"99","Lead water  (ug/L)","KICCOMS8D_OUT",0
"100","Lead water dissolved (ug/L)","KICCOMS8D_OUT",0
"101","LPAH water  (ug/L)","KICCOMS8D_OUT",0
"102","Lube Oil water  (ug/L)","KICCOMS8D_OUT",15
"103","Magnesium water  (ug/L)","KICCOMS8D_OUT",0
"104","Malathion water  (ug/L)","KICCOMS8D_OUT",0
"105","Mecoprop water  (ug/L)","KICCOMS8D_OUT",0
"106","Mercury water  (ug/L)","KICCOMS8D_OUT",0
"107","Mercury water dissolved (ug/L)","KICCOMS8D_OUT",0
"108","Naphthalene water  (ug/L)","KICCOMS8D_OUT",0
"109","Nitrite-Nitrate water dissolved (ug/L)","KICCOMS8D_OUT",0
"110","Ortho-phosphate water dissolved (ug/L)","KICCOMS8D_OUT",0
"111","p-Cresol water  (ug/L)","KICCOMS8D_OUT",0
"112","Pentachlorophenol water  (ug/L)","KICCOMS8D_OUT",0
"113","Phenanthrene water  (ug/L)","KICCOMS8D_OUT",0
"114","Phenol water  (ug/L)","KICCOMS8D_OUT",0
"115","Prometon water  (ug/L)","KICCOMS8D_OUT",0
"116","Pyrene water  (ug/L)","KICCOMS8D_OUT",0
"117","Surfactants water  (ug/L)","KICCOMS8D_OUT",0
"118","Total Benzofluoranthenes water  (ug/L)","KICCOMS8D_OUT",0
"119","Total Kjeldahl Nitrogen water  (ug/L)","KICCOMS8D_OUT",0
"120","Total PAH water  (ug/L)","KICCOMS8D_OUT",0
"121","Total Phosphorus water  (ug/L)","KICCOMS8D_OUT",0
"122","Total Phthalate water  (ug/L)","KICCOMS8D_OUT",0
"123","Total Suspended Solids water  (ug/L)","KICCOMS8D_OUT",0
"124","Total TPHDx water  (ug/L)","KICCOMS8D_OUT",15
"125","Triclopyr water  (ug/L)","KICCOMS8D_OUT",0
"126","Zinc water  (ug/L)","KICCOMS8D_OUT",0
"127","Zinc water dissolved (ug/L)","KICCOMS8D_OUT",0
"128","2-Methylnaphthalene water  (ug/L)","KICHDRS8D_OUT",0
"129","2,4-D water  (ug/L)","KICHDRS8D_OUT",0
"130","Acenaphthene water  (ug/L)","KICHDRS8D_OUT",0
"131","Acenaphthylene water  (ug/L)","KICHDRS8D_OUT",0
"132","Anthracene water  (ug/L)","KICHDRS8D_OUT",0
"133","Benz(a)anthracene water  (ug/L)","KICHDRS8D_OUT",0
"134","Benzo(a)pyrene water  (ug/L)","KICHDRS8D_OUT",0
"135","Benzo(b)fluoranthene water  (ug/L)","KICHDRS8D_OUT",0
"136","Benzo(g,h,i)perylene water  (ug/L)","KICHDRS8D_OUT",0
"137","Benzo(k)fluoranthene water  (ug/L)","KICHDRS8D_OUT",0
"138","Benzofluoranthenes, Total water  (ug/L)","KICHDRS8D_OUT",0
"139","Bis(2-ethylhexyl) phthalate water  (ug/L)","KICHDRS8D_OUT",0
"140","Butyl benzyl phthalate water  (ug/L)","KICHDRS8D_OUT",0
"141","Cadmium water  (ug/L)","KICHDRS8D_OUT",0
"142","Cadmium water dissolved (ug/L)","KICHDRS8D_OUT",0
"143","Calcium water  (ug/L)","KICHDRS8D_OUT",0
"144","Chloride water  (ug/L)","KICHDRS8D_OUT",0
"145","Chlorpyrifos water  (ug/L)","KICHDRS8D_OUT",0
"146","Chrysene water  (ug/L)","KICHDRS8D_OUT",0
"147","Copper water  (ug/L)","KICHDRS8D_OUT",0
"148","Copper water dissolved (ug/L)","KICHDRS8D_OUT",0
"149","CPAH water  (ug/L)","KICHDRS8D_OUT",0
"150","Di-N-Octyl Phthalate water  (ug/L)","KICHDRS8D_OUT",0
"151","Diazinon water  (ug/L)","KICHDRS8D_OUT",0
"152","Dibenzo(a,h)anthracene water  (ug/L)","KICHDRS8D_OUT",0
"153","Dibutyl phthalate water  (ug/L)","KICHDRS8D_OUT",0
"154","Dichlobenil water  (ug/L)","KICHDRS8D_OUT",0
"155","Diesel Range Organics water  (ug/L)","KICHDRS8D_OUT",16
"156","Diethyl phthalate water  (ug/L)","KICHDRS8D_OUT",0
"157","Dimethyl phthalate water  (ug/L)","KICHDRS8D_OUT",0
"158","Fluoranthene water  (ug/L)","KICHDRS8D_OUT",0
"159","Fluorene water  (ug/L)","KICHDRS8D_OUT",0
"160","Gasoline Range Organics water  (ug/L)","KICHDRS8D_OUT",16
"161","Hardness as CaCO3 water  (ug/L)","KICHDRS8D_OUT",0
"162","HPAH water  (ug/L)","KICHDRS8D_OUT",0
"163","Indeno(1,2,3-cd)pyrene water  (ug/L)","KICHDRS8D_OUT",0
"164","Lead water  (ug/L)","KICHDRS8D_OUT",0
"165","Lead water dissolved (ug/L)","KICHDRS8D_OUT",0
"166","LPAH water  (ug/L)","KICHDRS8D_OUT",0
"167","Lube Oil water  (ug/L)","KICHDRS8D_OUT",16
"168","Magnesium water  (ug/L)","KICHDRS8D_OUT",0
"169","Malathion water  (ug/L)","KICHDRS8D_OUT",0
"170","Mecoprop water  (ug/L)","KICHDRS8D_OUT",0
"171","Mercury water  (ug/L)","KICHDRS8D_OUT",0
"172","Mercury water dissolved (ug/L)","KICHDRS8D_OUT",0
"173","Naphthalene water  (ug/L)","KICHDRS8D_OUT",0
"174","Nitrite-Nitrate water dissolved (ug/L)","KICHDRS8D_OUT",0
"175","Ortho-phosphate water dissolved (ug/L)","KICHDRS8D_OUT",0
"176","p-Cresol water  (ug/L)","KICHDRS8D_OUT",0
"177","Pentachlorophenol water  (ug/L)","KICHDRS8D_OUT",0
"178","Phenanthrene water  (ug/L)","KICHDRS8D_OUT",0
"179","Phenol water  (ug/L)","KICHDRS8D_OUT",0
"180","Prometon water  (ug/L)","KICHDRS8D_OUT",0
"181","Pyrene water  (ug/L)","KICHDRS8D_OUT",0
"182","Surfactants water  (ug/L)","KICHDRS8D_OUT",0
"183","Total Benzofluoranthenes water  (ug/L)","KICHDRS8D_OUT",0
"184","Total Kjeldahl Nitrogen water  (ug/L)","KICHDRS8D_OUT",0
"185","Total PAH water  (ug/L)","KICHDRS8D_OUT",0
"186","Total Phosphorus water  (ug/L)","KICHDRS8D_OUT",0
"187","Total Phthalate water  (ug/L)","KICHDRS8D_OUT",0
"188","Total Suspended Solids water  (ug/L)","KICHDRS8D_OUT",0
"189","Total TPHDx water  (ug/L)","KICHDRS8D_OUT",16
"190","Triclopyr water  (ug/L)","KICHDRS8D_OUT",0
"191","Zinc water  (ug/L)","KICHDRS8D_OUT",0
"192","Zinc water dissolved (ug/L)","KICHDRS8D_OUT",0
"193","2-Methylnaphthalene water  (ug/L)","KICLDRS8D_OUT",2
"194","2,4-D water  (ug/L)","KICLDRS8D_OUT",2
"195","Acenaphthene water  (ug/L)","KICLDRS8D_OUT",2
"196","Acenaphthylene water  (ug/L)","KICLDRS8D_OUT",2
"197","Anthracene water  (ug/L)","KICLDRS8D_OUT",2
"198","Arsenic water dissolved (ug/L)","KICLDRS8D_OUT",0
"199","Benz(a)anthracene water  (ug/L)","KICLDRS8D_OUT",2
"200","Benzo(a)pyrene water  (ug/L)","KICLDRS8D_OUT",2
"201","Benzo(b)fluoranthene water  (ug/L)","KICLDRS8D_OUT",1
"202","Benzo(g,h,i)perylene water  (ug/L)","KICLDRS8D_OUT",2
"203","Benzo(k)fluoranthene water  (ug/L)","KICLDRS8D_OUT",1
"204","Benzofluoranthenes, Total water  (ug/L)","KICLDRS8D_OUT",1
"205","Bis(2-ethylhexyl) phthalate water  (ug/L)","KICLDRS8D_OUT",2
"206","Butyl benzyl phthalate water  (ug/L)","KICLDRS8D_OUT",2
"207","Cadmium water  (ug/L)","KICLDRS8D_OUT",2
"208","Cadmium water dissolved (ug/L)","KICLDRS8D_OUT",2
"209","Calcium water  (ug/L)","KICLDRS8D_OUT",2
"210","Chloride water  (ug/L)","KICLDRS8D_OUT",2
"211","Chlorpyrifos water  (ug/L)","KICLDRS8D_OUT",2
"212","Chrysene water  (ug/L)","KICLDRS8D_OUT",2
"213","Copper water  (ug/L)","KICLDRS8D_OUT",2
"214","Copper water dissolved (ug/L)","KICLDRS8D_OUT",2
"215","CPAH water  (ug/L)","KICLDRS8D_OUT",2
"216","Di-N-Octyl Phthalate water  (ug/L)","KICLDRS8D_OUT",2
"217","Diazinon water  (ug/L)","KICLDRS8D_OUT",2
"218","Dibenzo(a,h)anthracene water  (ug/L)","KICLDRS8D_OUT",2
"219","Dibutyl phthalate water  (ug/L)","KICLDRS8D_OUT",2
"220","Dichlobenil water  (ug/L)","KICLDRS8D_OUT",2
"221","Diesel Range Organics water  (ug/L)","KICLDRS8D_OUT",14
"222","Diethyl phthalate water  (ug/L)","KICLDRS8D_OUT",2
"223","Dimethyl phthalate water  (ug/L)","KICLDRS8D_OUT",2
"224","Fluoranthene water  (ug/L)","KICLDRS8D_OUT",2
"225","Fluorene water  (ug/L)","KICLDRS8D_OUT",2
"226","Gasoline Range Organics water  (ug/L)","KICLDRS8D_OUT",14
"227","Hardness as CaCO3 water  (ug/L)","KICLDRS8D_OUT",2
"228","HPAH water  (ug/L)","KICLDRS8D_OUT",2
"229","Indeno(1,2,3-cd)pyrene water  (ug/L)","KICLDRS8D_OUT",2
"230","Lead water  (ug/L)","KICLDRS8D_OUT",2
"231","Lead water dissolved (ug/L)","KICLDRS8D_OUT",2
"232","LPAH water  (ug/L)","KICLDRS8D_OUT",2
"233","Lube Oil water  (ug/L)","KICLDRS8D_OUT",14
"234","Magnesium water  (ug/L)","KICLDRS8D_OUT",2
"235","Malathion water  (ug/L)","KICLDRS8D_OUT",2
"236","Mecoprop water  (ug/L)","KICLDRS8D_OUT",2
"237","Mercury water  (ug/L)","KICLDRS8D_OUT",0
"238","Mercury water dissolved (ug/L)","KICLDRS8D_OUT",0
"239","Naphthalene water  (ug/L)","KICLDRS8D_OUT",2
"240","Nitrite-Nitrate water dissolved (ug/L)","KICLDRS8D_OUT",2
"241","Ortho-phosphate water dissolved (ug/L)","KICLDRS8D_OUT",2
"242","p-Cresol water  (ug/L)","KICLDRS8D_OUT",0
"243","Pentachlorophenol water  (ug/L)","KICLDRS8D_OUT",2
"244","Phenanthrene water  (ug/L)","KICLDRS8D_OUT",2
"245","Phenol water  (ug/L)","KICLDRS8D_OUT",0
"246","Prometon water  (ug/L)","KICLDRS8D_OUT",2
"247","Pyrene water  (ug/L)","KICLDRS8D_OUT",2
"248","Surfactants water  (ug/L)","KICLDRS8D_OUT",2
"249","Total Benzofluoranthenes water  (ug/L)","KICLDRS8D_OUT",2
"250","Total Kjeldahl Nitrogen water  (ug/L)","KICLDRS8D_OUT",2
"251","Total PAH water  (ug/L)","KICLDRS8D_OUT",2
"252","Total Phosphorus water  (ug/L)","KICLDRS8D_OUT",2
"253","Total Phthalate water  (ug/L)","KICLDRS8D_OUT",2
"254","Total Suspended Solids water  (ug/L)","KICLDRS8D_OUT",2
"255","Total TPHDx water  (ug/L)","KICLDRS8D_OUT",14
"256","Triclopyr water  (ug/L)","KICLDRS8D_OUT",2
"257","Zinc water  (ug/L)","KICLDRS8D_OUT",2
"258","Zinc water dissolved (ug/L)","KICLDRS8D_OUT",2
"259","2-Methylnaphthalene water  (ug/L)","LDR010",0
"260","2,4-D water  (ug/L)","LDR010",0
"261","Acenaphthene water  (ug/L)","LDR010",0
"262","Acenaphthylene water  (ug/L)","LDR010",0
"263","Anthracene water  (ug/L)","LDR010",0
"264","Benz(a)anthracene water  (ug/L)","LDR010",0
"265","Benzo(a)pyrene water  (ug/L)","LDR010",0
"266","Benzo(b)fluoranthene water  (ug/L)","LDR010",0
"267","Benzo(g,h,i)perylene water  (ug/L)","LDR010",0
"268","Benzo(k)fluoranthene water  (ug/L)","LDR010",0
"269","Bis(2-ethylhexyl) phthalate water  (ug/L)","LDR010",0
"270","Butyl benzyl phthalate water  (ug/L)","LDR010",0
"271","Cadmium water  (ug/L)","LDR010",0
"272","Cadmium water dissolved (ug/L)","LDR010",0
"273","Chloride water  (ug/L)","LDR010",0
"274","Chlorpyrifos water  (ug/L)","LDR010",0
"275","Chrysene water  (ug/L)","LDR010",0
"276","Copper water  (ug/L)","LDR010",0
"277","Copper water dissolved (ug/L)","LDR010",0
"278","CPAH water  (ug/L)","LDR010",0
"279","Di-N-Octyl Phthalate water  (ug/L)","LDR010",0
"280","Diazinon water  (ug/L)","LDR010",0
"281","Dibenzo(a,h)anthracene water  (ug/L)","LDR010",0
"282","Dibutyl phthalate water  (ug/L)","LDR010",0
"283","Dichlobenil water  (ug/L)","LDR010",0
"284","Diesel Range Organics water  (ug/L)","LDR010",6
"285","Diethyl phthalate water  (ug/L)","LDR010",0
"286","Dimethyl phthalate water  (ug/L)","LDR010",0
"287","Fluoranthene water  (ug/L)","LDR010",0
"288","Fluorene water  (ug/L)","LDR010",0
"289","Gasoline Range Organics water  (ug/L)","LDR010",6
"290","Hardness as CaCO3 water  (ug/L)","LDR010",0
"291","Heavy Fuel Oil water  (ug/L)","LDR010",6
"292","HPAH water  (ug/L)","LDR010",0
"293","Indeno(1,2,3-cd)pyrene water  (ug/L)","LDR010",0
"294","Lead water  (ug/L)","LDR010",0
"295","Lead water dissolved (ug/L)","LDR010",0
"296","LPAH water  (ug/L)","LDR010",0
"297","Malathion water  (ug/L)","LDR010",0
"298","Mecoprop water  (ug/L)","LDR010",0
"299","Mercury water  (ug/L)","LDR010",0
"300","Mercury water dissolved (ug/L)","LDR010",0
"301","Naphthalene water  (ug/L)","LDR010",0
"302","Nitrite-Nitrate water dissolved (ug/L)","LDR010",0
"303","Ortho-phosphate water dissolved (ug/L)","LDR010",0
"304","Pentachlorophenol water  (ug/L)","LDR010",0
"305","Phenanthrene water  (ug/L)","LDR010",0
"306","Prometon water  (ug/L)","LDR010",0
"307","Pyrene water  (ug/L)","LDR010",0
"308","Surfactants water  (ug/L)","LDR010",0
"309","Total Benzofluoranthenes water  (ug/L)","LDR010",0
"310","Total Kjeldahl Nitrogen water  (ug/L)","LDR010",0
"311","Total PAH water  (ug/L)","LDR010",0
"312","Total Phosphorus water  (ug/L)","LDR010",0
"313","Total Phthalate water  (ug/L)","LDR010",0
"314","Total Suspended Solids water  (ug/L)","LDR010",0
"315","Total TPHDx water  (ug/L)","LDR010",6
"316","Triclopyr water  (ug/L)","LDR010",0
"317","Zinc water  (ug/L)","LDR010",0
"318","Zinc water dissolved (ug/L)","LDR010",0
"319","2-Methylnaphthalene water  (ug/L)","MH5171",1
"320","2,4-D water  (ug/L)","MH5171",1
"321","Acenaphthene water  (ug/L)","MH5171",1
"322","Acenaphthylene water  (ug/L)","MH5171",1
"323","Anthracene water  (ug/L)","MH5171",1
"324","Benz(a)anthracene water  (ug/L)","MH5171",1
"325","Benzo(a)pyrene water  (ug/L)","MH5171",1
"326","Benzo(b)fluoranthene water  (ug/L)","MH5171",1
"327","Benzo(g,h,i)perylene water  (ug/L)","MH5171",1
"328","Benzo(k)fluoranthene water  (ug/L)","MH5171",1
"329","Bis(2-ethylhexyl) phthalate water  (ug/L)","MH5171",1
"330","Butyl benzyl phthalate water  (ug/L)","MH5171",1
"331","Cadmium water  (ug/L)","MH5171",1
"332","Cadmium water dissolved (ug/L)","MH5171",1
"333","Chloride water  (ug/L)","MH5171",1
"334","Chlorpyrifos water  (ug/L)","MH5171",1
"335","Chrysene water  (ug/L)","MH5171",1
"336","Copper water  (ug/L)","MH5171",1
"337","Copper water dissolved (ug/L)","MH5171",1
"338","CPAH water  (ug/L)","MH5171",1
"339","Di-N-Octyl Phthalate water  (ug/L)","MH5171",1
"340","Diazinon water  (ug/L)","MH5171",1
"341","Dibenzo(a,h)anthracene water  (ug/L)","MH5171",1
"342","Dibutyl phthalate water  (ug/L)","MH5171",1
"343","Dichlobenil water  (ug/L)","MH5171",1
"344","Diesel Range Organics water  (ug/L)","MH5171",4
"345","Diethyl phthalate water  (ug/L)","MH5171",1
"346","Dimethyl phthalate water  (ug/L)","MH5171",1
"347","Fluoranthene water  (ug/L)","MH5171",1
"348","Fluorene water  (ug/L)","MH5171",1
"349","Gasoline Range Organics water  (ug/L)","MH5171",4
"350","Hardness as CaCO3 water  (ug/L)","MH5171",1
"351","Heavy Fuel Oil water  (ug/L)","MH5171",4
"352","HPAH water  (ug/L)","MH5171",1
"353","Indeno(1,2,3-cd)pyrene water  (ug/L)","MH5171",1
"354","Lead water  (ug/L)","MH5171",1
"355","Lead water dissolved (ug/L)","MH5171",1
"356","LPAH water  (ug/L)","MH5171",1
"357","Malathion water  (ug/L)","MH5171",1
"358","Mecoprop water  (ug/L)","MH5171",1
"359","Mercury water  (ug/L)","MH5171",0
"360","Mercury water dissolved (ug/L)","MH5171",0
"361","Naphthalene water  (ug/L)","MH5171",1
"362","Nitrite-Nitrate water dissolved (ug/L)","MH5171",1
"363","Ortho-phosphate water dissolved (ug/L)","MH5171",1
"364","Pentachlorophenol water  (ug/L)","MH5171",1
"365","Phenanthrene water  (ug/L)","MH5171",1
"366","Prometon water  (ug/L)","MH5171",1
"367","Pyrene water  (ug/L)","MH5171",1
"368","Surfactants water  (ug/L)","MH5171",1
"369","Total Benzofluoranthenes water  (ug/L)","MH5171",1
"370","Total Kjeldahl Nitrogen water  (ug/L)","MH5171",1
"371","Total PAH water  (ug/L)","MH5171",1
"372","Total Phosphorus water  (ug/L)","MH5171",1
"373","Total Phthalate water  (ug/L)","MH5171",1
"374","Total Suspended Solids water  (ug/L)","MH5171",1
"375","Total TPHDx water  (ug/L)","MH5171",4
"376","Triclopyr water  (ug/L)","MH5171",1
"377","Zinc water  (ug/L)","MH5171",1
"378","Zinc water dissolved (ug/L)","MH5171",1
"379","1-Methylnaphthalene water  (ug/L)","PIECOMM_OUT",1
"380","2-Methylnaphthalene water  (ug/L)","PIECOMM_OUT",1
"381","2,4-D water  (ug/L)","PIECOMM_OUT",7
"382","Acenaphthene water  (ug/L)","PIECOMM_OUT",1
"383","Acenaphthylene water  (ug/L)","PIECOMM_OUT",1
"384","Anthracene water  (ug/L)","PIECOMM_OUT",1
"385","Benz(a)anthracene water  (ug/L)","PIECOMM_OUT",1
"386","Benzo(a)pyrene water  (ug/L)","PIECOMM_OUT",1
"387","Benzo(b)fluoranthene water  (ug/L)","PIECOMM_OUT",1
"388","Benzo(g,h,i)perylene water  (ug/L)","PIECOMM_OUT",1
"389","Benzo(k)fluoranthene water  (ug/L)","PIECOMM_OUT",1
"390","Bis(2-ethylhexyl) phthalate water  (ug/L)","PIECOMM_OUT",1
"391","Butyl benzyl phthalate water  (ug/L)","PIECOMM_OUT",1
"392","Cadmium water  (ug/L)","PIECOMM_OUT",1
"393","Cadmium water dissolved (ug/L)","PIECOMM_OUT",1
"394","Chloride water  (ug/L)","PIECOMM_OUT",1
"395","Chlorpyrifos water  (ug/L)","PIECOMM_OUT",7
"396","Chrysene water  (ug/L)","PIECOMM_OUT",1
"397","Copper water  (ug/L)","PIECOMM_OUT",7
"398","Copper water dissolved (ug/L)","PIECOMM_OUT",1
"399","CPAH water  (ug/L)","PIECOMM_OUT",1
"400","Di-N-Octyl Phthalate water  (ug/L)","PIECOMM_OUT",1
"401","Diazinon water  (ug/L)","PIECOMM_OUT",7
"402","Dibenzo(a,h)anthracene water  (ug/L)","PIECOMM_OUT",1
"403","Dibutyl phthalate water  (ug/L)","PIECOMM_OUT",1
"404","Dichlobenil water  (ug/L)","PIECOMM_OUT",7
"405","Diesel Range Organics water  (ug/L)","PIECOMM_OUT",9
"406","Diethyl phthalate water  (ug/L)","PIECOMM_OUT",1
"407","Dimethyl phthalate water  (ug/L)","PIECOMM_OUT",1
"408","Fluoranthene water  (ug/L)","PIECOMM_OUT",1
"409","Fluorene water  (ug/L)","PIECOMM_OUT",1
"410","Gasoline Range Organics water  (ug/L)","PIECOMM_OUT",9
"411","Hardness as CaCO3 water  (ug/L)","PIECOMM_OUT",1
"412","Heavy Fuel Oil water  (ug/L)","PIECOMM_OUT",9
"413","HPAH water  (ug/L)","PIECOMM_OUT",1
"414","Indeno(1,2,3-cd)pyrene water  (ug/L)","PIECOMM_OUT",1
"415","Lead water  (ug/L)","PIECOMM_OUT",1
"416","Lead water dissolved (ug/L)","PIECOMM_OUT",1
"417","LPAH water  (ug/L)","PIECOMM_OUT",1
"418","Malathion water  (ug/L)","PIECOMM_OUT",7
"419","Mecoprop water  (ug/L)","PIECOMM_OUT",7
"420","Mercury water  (ug/L)","PIECOMM_OUT",1
"421","Mercury water dissolved (ug/L)","PIECOMM_OUT",1
"422","Naphthalene water  (ug/L)","PIECOMM_OUT",1
"423","Nitrite-Nitrate water dissolved (ug/L)","PIECOMM_OUT",1
"424","Ortho-phosphate water dissolved (ug/L)","PIECOMM_OUT",1
"425","Pentachlorophenol water  (ug/L)","PIECOMM_OUT",1
"426","Phenanthrene water  (ug/L)","PIECOMM_OUT",1
"427","Prometon water  (ug/L)","PIECOMM_OUT",7
"428","Pyrene water  (ug/L)","PIECOMM_OUT",1
"429","Surfactants water  (ug/L)","PIECOMM_OUT",1
"430","Total Benzofluoranthenes water  (ug/L)","PIECOMM_OUT",1
"431","Total Kjeldahl Nitrogen water  (ug/L)","PIECOMM_OUT",1
"432","Total PAH water  (ug/L)","PIECOMM_OUT",1
"433","Total Phosphorus water  (ug/L)","PIECOMM_OUT",7
"434","Total Phthalate water  (ug/L)","PIECOMM_OUT",1
"435","Total Suspended Solids water  (ug/L)","PIECOMM_OUT",7
"436","Total TPHDx water  (ug/L)","PIECOMM_OUT",9
"437","Triclopyr water  (ug/L)","PIECOMM_OUT",7
"438","Zinc water  (ug/L)","PIECOMM_OUT",1
"439","Zinc water dissolved (ug/L)","PIECOMM_OUT",1
"440","1-Methylnaphthalene water  (ug/L)","PIEHIRES_OUT",0
"441","2-Methylnaphthalene water  (ug/L)","PIEHIRES_OUT",0
"442","2,4-D water  (ug/L)","PIEHIRES_OUT",7
"443","Acenaphthene water  (ug/L)","PIEHIRES_OUT",0
"444","Acenaphthylene water  (ug/L)","PIEHIRES_OUT",0
"445","Anthracene water  (ug/L)","PIEHIRES_OUT",0
"446","Benz(a)anthracene water  (ug/L)","PIEHIRES_OUT",0
"447","Benzo(a)pyrene water  (ug/L)","PIEHIRES_OUT",0
"448","Benzo(b)fluoranthene water  (ug/L)","PIEHIRES_OUT",0
"449","Benzo(g,h,i)perylene water  (ug/L)","PIEHIRES_OUT",0
"450","Benzo(k)fluoranthene water  (ug/L)","PIEHIRES_OUT",0
"451","Bis(2-ethylhexyl) phthalate water  (ug/L)","PIEHIRES_OUT",0
"452","Butyl benzyl phthalate water  (ug/L)","PIEHIRES_OUT",0
"453","Cadmium water  (ug/L)","PIEHIRES_OUT",0
"454","Cadmium water dissolved (ug/L)","PIEHIRES_OUT",0
"455","Chloride water  (ug/L)","PIEHIRES_OUT",0
"456","Chlorpyrifos water  (ug/L)","PIEHIRES_OUT",7
"457","Chrysene water  (ug/L)","PIEHIRES_OUT",0
"458","Copper water  (ug/L)","PIEHIRES_OUT",7
"459","Copper water dissolved (ug/L)","PIEHIRES_OUT",0
"460","CPAH water  (ug/L)","PIEHIRES_OUT",0
"461","Di-N-Octyl Phthalate water  (ug/L)","PIEHIRES_OUT",0
"462","Diazinon water  (ug/L)","PIEHIRES_OUT",7
"463","Dibenzo(a,h)anthracene water  (ug/L)","PIEHIRES_OUT",0
"464","Dibutyl phthalate water  (ug/L)","PIEHIRES_OUT",0
"465","Dichlobenil water  (ug/L)","PIEHIRES_OUT",7
"466","Diesel Range Organics water  (ug/L)","PIEHIRES_OUT",10
"467","Diethyl phthalate water  (ug/L)","PIEHIRES_OUT",0
"468","Dimethyl phthalate water  (ug/L)","PIEHIRES_OUT",0
"469","Fluoranthene water  (ug/L)","PIEHIRES_OUT",0
"470","Fluorene water  (ug/L)","PIEHIRES_OUT",0
"471","Gasoline Range Organics water  (ug/L)","PIEHIRES_OUT",10
"472","Hardness as CaCO3 water  (ug/L)","PIEHIRES_OUT",0
"473","Heavy Fuel Oil water  (ug/L)","PIEHIRES_OUT",10
"474","HPAH water  (ug/L)","PIEHIRES_OUT",0
"475","Indeno(1,2,3-cd)pyrene water  (ug/L)","PIEHIRES_OUT",0
"476","Lead water  (ug/L)","PIEHIRES_OUT",0
"477","Lead water dissolved (ug/L)","PIEHIRES_OUT",0
"478","LPAH water  (ug/L)","PIEHIRES_OUT",0
"479","Malathion water  (ug/L)","PIEHIRES_OUT",7
"480","Mecoprop water  (ug/L)","PIEHIRES_OUT",7
"481","Mercury water  (ug/L)","PIEHIRES_OUT",0
"482","Mercury water dissolved (ug/L)","PIEHIRES_OUT",0
"483","Naphthalene water  (ug/L)","PIEHIRES_OUT",0
"484","Nitrite-Nitrate water dissolved (ug/L)","PIEHIRES_OUT",0
"485","Ortho-phosphate water dissolved (ug/L)","PIEHIRES_OUT",0
"486","Pentachlorophenol water  (ug/L)","PIEHIRES_OUT",0
"487","Phenanthrene water  (ug/L)","PIEHIRES_OUT",0
"488","Prometon water  (ug/L)","PIEHIRES_OUT",7
"489","Pyrene water  (ug/L)","PIEHIRES_OUT",0
"490","Surfactants water  (ug/L)","PIEHIRES_OUT",0
"491","Total Benzofluoranthenes water  (ug/L)","PIEHIRES_OUT",0
"492","Total Kjeldahl Nitrogen water  (ug/L)","PIEHIRES_OUT",0
"493","Total PAH water  (ug/L)","PIEHIRES_OUT",0
"494","Total Phosphorus water  (ug/L)","PIEHIRES_OUT",7
"495","Total Phthalate water  (ug/L)","PIEHIRES_OUT",0
"496","Total Suspended Solids water  (ug/L)","PIEHIRES_OUT",7
"497","Total TPHDx water  (ug/L)","PIEHIRES_OUT",10
"498","Triclopyr water  (ug/L)","PIEHIRES_OUT",7
"499","Zinc water  (ug/L)","PIEHIRES_OUT",0
"500","Zinc water dissolved (ug/L)","PIEHIRES_OUT",0
"501","1-Methylnaphthalene water  (ug/L)","PIELORES_OUT",0
"502","2-Methylnaphthalene water  (ug/L)","PIELORES_OUT",0
"503","2,4-D water  (ug/L)","PIELORES_OUT",8
"504","Acenaphthene water  (ug/L)","PIELORES_OUT",0
"505","Acenaphthylene water  (ug/L)","PIELORES_OUT",0
"506","Anthracene water  (ug/L)","PIELORES_OUT",0
"507","Benz(a)anthracene water  (ug/L)","PIELORES_OUT",0
"508","Benzo(a)pyrene water  (ug/L)","PIELORES_OUT",0
"509","Benzo(b)fluoranthene water  (ug/L)","PIELORES_OUT",0
"510","Benzo(g,h,i)perylene water  (ug/L)","PIELORES_OUT",0
"511","Benzo(k)fluoranthene water  (ug/L)","PIELORES_OUT",0
"512","Bis(2-ethylhexyl) phthalate water  (ug/L)","PIELORES_OUT",0
"513","Butyl benzyl phthalate water  (ug/L)","PIELORES_OUT",0
"514","Cadmium water  (ug/L)","PIELORES_OUT",0
"515","Cadmium water dissolved (ug/L)","PIELORES_OUT",0
"516","Chloride water  (ug/L)","PIELORES_OUT",0
"517","Chlorpyrifos water  (ug/L)","PIELORES_OUT",8
"518","Chrysene water  (ug/L)","PIELORES_OUT",0
"519","Copper water  (ug/L)","PIELORES_OUT",8
"520","Copper water dissolved (ug/L)","PIELORES_OUT",0
"521","CPAH water  (ug/L)","PIELORES_OUT",0
"522","Di-N-Octyl Phthalate water  (ug/L)","PIELORES_OUT",0
"523","Diazinon water  (ug/L)","PIELORES_OUT",8
"524","Dibenzo(a,h)anthracene water  (ug/L)","PIELORES_OUT",0
"525","Dibutyl phthalate water  (ug/L)","PIELORES_OUT",0
"526","Dichlobenil water  (ug/L)","PIELORES_OUT",8
"527","Diesel Range Organics water  (ug/L)","PIELORES_OUT",8
"528","Diethyl phthalate water  (ug/L)","PIELORES_OUT",0
"529","Dimethyl phthalate water  (ug/L)","PIELORES_OUT",0
"530","Fluoranthene water  (ug/L)","PIELORES_OUT",0
"531","Fluorene water  (ug/L)","PIELORES_OUT",0
"532","Gasoline Range Organics water  (ug/L)","PIELORES_OUT",8
"533","Hardness as CaCO3 water  (ug/L)","PIELORES_OUT",0
"534","Heavy Fuel Oil water  (ug/L)","PIELORES_OUT",8
"535","HPAH water  (ug/L)","PIELORES_OUT",0
"536","Indeno(1,2,3-cd)pyrene water  (ug/L)","PIELORES_OUT",0
"537","Lead water  (ug/L)","PIELORES_OUT",0
"538","Lead water dissolved (ug/L)","PIELORES_OUT",0
"539","LPAH water  (ug/L)","PIELORES_OUT",0
"540","Malathion water  (ug/L)","PIELORES_OUT",8
"541","Mecoprop water  (ug/L)","PIELORES_OUT",8
"542","Mercury water  (ug/L)","PIELORES_OUT",0
"543","Mercury water dissolved (ug/L)","PIELORES_OUT",0
"544","Naphthalene water  (ug/L)","PIELORES_OUT",0
"545","Nitrite-Nitrate water dissolved (ug/L)","PIELORES_OUT",0
"546","Ortho-phosphate water dissolved (ug/L)","PIELORES_OUT",0
"547","Pentachlorophenol water  (ug/L)","PIELORES_OUT",0
"548","Phenanthrene water  (ug/L)","PIELORES_OUT",0
"549","Prometon water  (ug/L)","PIELORES_OUT",8
"550","Pyrene water  (ug/L)","PIELORES_OUT",0
"551","Surfactants water  (ug/L)","PIELORES_OUT",0
"552","Total Benzofluoranthenes water  (ug/L)","PIELORES_OUT",0
"553","Total Kjeldahl Nitrogen water  (ug/L)","PIELORES_OUT",0
"554","Total PAH water  (ug/L)","PIELORES_OUT",0
"555","Total Phosphorus water  (ug/L)","PIELORES_OUT",8
"556","Total Phthalate water  (ug/L)","PIELORES_OUT",0
"557","Total Suspended Solids water  (ug/L)","PIELORES_OUT",8
"558","Total TPHDx water  (ug/L)","PIELORES_OUT",8
"559","Triclopyr water  (ug/L)","PIELORES_OUT",8
"560","Zinc water  (ug/L)","PIELORES_OUT",0
"561","Zinc water dissolved (ug/L)","PIELORES_OUT",0
"562","1-Methylnaphthalene water  (ug/L)","POSOUTFALL_6057",0
"563","2-Methylnaphthalene water  (ug/L)","POSOUTFALL_6057",0
"564","2,4-D water  (ug/L)","POSOUTFALL_6057",0
"565","Acenaphthene water  (ug/L)","POSOUTFALL_6057",0
"566","Acenaphthylene water  (ug/L)","POSOUTFALL_6057",0
"567","Anthracene water  (ug/L)","POSOUTFALL_6057",0
"568","Benz(a)anthracene water  (ug/L)","POSOUTFALL_6057",0
"569","Benzo(a)pyrene water  (ug/L)","POSOUTFALL_6057",0
"570","Benzo(b)fluoranthene water  (ug/L)","POSOUTFALL_6057",0
"571","Benzo(g,h,i)perylene water  (ug/L)","POSOUTFALL_6057",0
"572","Benzo(k)fluoranthene water  (ug/L)","POSOUTFALL_6057",0
"573","Benzofluoranthenes, Total water  (ug/L)","POSOUTFALL_6057",0
"574","Bis(2-ethylhexyl) phthalate water  (ug/L)","POSOUTFALL_6057",0
"575","Butyl benzyl phthalate water  (ug/L)","POSOUTFALL_6057",0
"576","Cadmium water  (ug/L)","POSOUTFALL_6057",0
"577","Cadmium water dissolved (ug/L)","POSOUTFALL_6057",0
"578","Calcium water  (ug/L)","POSOUTFALL_6057",0
"579","Calcium water dissolved (ug/L)","POSOUTFALL_6057",0
"580","Chloride water  (ug/L)","POSOUTFALL_6057",0
"581","Chlorpyrifos water  (ug/L)","POSOUTFALL_6057",0
"582","Chrysene water  (ug/L)","POSOUTFALL_6057",0
"583","Copper water  (ug/L)","POSOUTFALL_6057",0
"584","Copper water dissolved (ug/L)","POSOUTFALL_6057",0
"585","CPAH water  (ug/L)","POSOUTFALL_6057",0
"586","Di-N-Octyl Phthalate water  (ug/L)","POSOUTFALL_6057",0
"587","Diazinon water  (ug/L)","POSOUTFALL_6057",0
"588","Dibenzo(a,h)anthracene water  (ug/L)","POSOUTFALL_6057",0
"589","Dibutyl phthalate water  (ug/L)","POSOUTFALL_6057",0
"590","Dichlobenil water  (ug/L)","POSOUTFALL_6057",0
"591","Diesel Fuel water  (ug/L)","POSOUTFALL_6057",3
"592","Diesel Range Organics water  (ug/L)","POSOUTFALL_6057",0
"593","Diethyl phthalate water  (ug/L)","POSOUTFALL_6057",0
"594","Dimethyl phthalate water  (ug/L)","POSOUTFALL_6057",0
"595","Fluoranthene water  (ug/L)","POSOUTFALL_6057",0
"596","Fluorene water  (ug/L)","POSOUTFALL_6057",0
"597","Gasoline Range Organics water  (ug/L)","POSOUTFALL_6057",3
"598","Hardness as CaCO3 water  (ug/L)","POSOUTFALL_6057",0
"599","HPAH water  (ug/L)","POSOUTFALL_6057",0
"600","Indeno(1,2,3-cd)pyrene water  (ug/L)","POSOUTFALL_6057",0
"601","Lead water  (ug/L)","POSOUTFALL_6057",0
"602","Lead water dissolved (ug/L)","POSOUTFALL_6057",0
"603","LPAH water  (ug/L)","POSOUTFALL_6057",0
"604","Magnesium water  (ug/L)","POSOUTFALL_6057",0
"605","Magnesium water dissolved (ug/L)","POSOUTFALL_6057",0
"606","Malathion water  (ug/L)","POSOUTFALL_6057",0
"607","Mecoprop water  (ug/L)","POSOUTFALL_6057",0
"608","Mercury water  (ug/L)","POSOUTFALL_6057",0
"609","Mercury water dissolved (ug/L)","POSOUTFALL_6057",0
"610","Motor Oil water  (ug/L)","POSOUTFALL_6057",3
"611","Naphthalene water  (ug/L)","POSOUTFALL_6057",0
"612","Nitrite-Nitrate water dissolved (ug/L)","POSOUTFALL_6057",0
"613","Ortho-phosphate water dissolved (ug/L)","POSOUTFALL_6057",0
"614","Pentachlorophenol water  (ug/L)","POSOUTFALL_6057",0
"615","Phenanthrene water  (ug/L)","POSOUTFALL_6057",0
"616","Prometon water  (ug/L)","POSOUTFALL_6057",0
"617","Pyrene water  (ug/L)","POSOUTFALL_6057",0
"618","Surfactants water  (ug/L)","POSOUTFALL_6057",0
"619","Total Benzofluoranthenes water  (ug/L)","POSOUTFALL_6057",0
"620","Total Kjeldahl Nitrogen water  (ug/L)","POSOUTFALL_6057",0
"621","Total PAH water  (ug/L)","POSOUTFALL_6057",0
"622","Total Phosphorus water  (ug/L)","POSOUTFALL_6057",0
"623","Total Phthalate water  (ug/L)","POSOUTFALL_6057",0
"624","Total Suspended Solids water  (ug/L)","POSOUTFALL_6057",0
"625","Total TPHDx water  (ug/L)","POSOUTFALL_6057",3
"626","Triclopyr water  (ug/L)","POSOUTFALL_6057",0
"627","Zinc water  (ug/L)","POSOUTFALL_6057",0
"628","Zinc water dissolved (ug/L)","POSOUTFALL_6057",0
"629","1-Methylnaphthalene water  (ug/L)","POT564S8D_OUT",4
"630","2-Methylnaphthalene water  (ug/L)","POT564S8D_OUT",4
"631","2,4-D water  (ug/L)","POT564S8D_OUT",4
"632","Acenaphthene water  (ug/L)","POT564S8D_OUT",4
"633","Acenaphthylene water  (ug/L)","POT564S8D_OUT",4
"634","Anthracene water  (ug/L)","POT564S8D_OUT",4
"635","Benz(a)anthracene water  (ug/L)","POT564S8D_OUT",4
"636","Benzo(a)pyrene water  (ug/L)","POT564S8D_OUT",4
"637","Benzo(b)fluoranthene water  (ug/L)","POT564S8D_OUT",4
"638","Benzo(g,h,i)perylene water  (ug/L)","POT564S8D_OUT",4
"639","Benzo(k)fluoranthene water  (ug/L)","POT564S8D_OUT",4
"640","Bis(2-ethylhexyl) phthalate water  (ug/L)","POT564S8D_OUT",3
"641","Butyl benzyl phthalate water  (ug/L)","POT564S8D_OUT",4
"642","Cadmium water  (ug/L)","POT564S8D_OUT",4
"643","Cadmium water dissolved (ug/L)","POT564S8D_OUT",4
"644","Chloride water  (ug/L)","POT564S8D_OUT",1
"645","Chlorpyrifos water  (ug/L)","POT564S8D_OUT",4
"646","Chrysene water  (ug/L)","POT564S8D_OUT",4
"647","Copper water  (ug/L)","POT564S8D_OUT",4
"648","Copper water dissolved (ug/L)","POT564S8D_OUT",4
"649","CPAH water  (ug/L)","POT564S8D_OUT",4
"650","Di-N-Octyl Phthalate water  (ug/L)","POT564S8D_OUT",4
"651","Diazinon water  (ug/L)","POT564S8D_OUT",4
"652","Dibenzo(a,h)anthracene water  (ug/L)","POT564S8D_OUT",4
"653","Dibutyl phthalate water  (ug/L)","POT564S8D_OUT",4
"654","Dichlobenil water  (ug/L)","POT564S8D_OUT",4
"655","Diesel Fuel water  (ug/L)","POT564S8D_OUT",14
"656","Diethyl phthalate water  (ug/L)","POT564S8D_OUT",4
"657","Dimethyl phthalate water  (ug/L)","POT564S8D_OUT",4
"658","Fluoranthene water  (ug/L)","POT564S8D_OUT",4
"659","Fluorene water  (ug/L)","POT564S8D_OUT",4
"660","Hardness as CaCO3 water  (ug/L)","POT564S8D_OUT",4
"661","HPAH water  (ug/L)","POT564S8D_OUT",4
"662","Indeno(1,2,3-cd)pyrene water  (ug/L)","POT564S8D_OUT",4
"663","Lead water  (ug/L)","POT564S8D_OUT",4
"664","Lead water dissolved (ug/L)","POT564S8D_OUT",4
"665","LPAH water  (ug/L)","POT564S8D_OUT",4
"666","Malathion water  (ug/L)","POT564S8D_OUT",4
"667","Mecoprop water  (ug/L)","POT564S8D_OUT",4
"668","Mercury water  (ug/L)","POT564S8D_OUT",4
"669","Mercury water dissolved (ug/L)","POT564S8D_OUT",4
"670","Naphthalene water  (ug/L)","POT564S8D_OUT",4
"671","Nitrite-Nitrate water dissolved (ug/L)","POT564S8D_OUT",4
"672","Oil and grease water  (ug/L)","POT564S8D_OUT",14
"673","Ortho-phosphate water dissolved (ug/L)","POT564S8D_OUT",4
"674","Pentachlorophenol water  (ug/L)","POT564S8D_OUT",4
"675","Phenanthrene water  (ug/L)","POT564S8D_OUT",4
"676","Prometon water  (ug/L)","POT564S8D_OUT",4
"677","Pyrene water  (ug/L)","POT564S8D_OUT",4
"678","Surfactants water  (ug/L)","POT564S8D_OUT",4
"679","Total Benzofluoranthenes water  (ug/L)","POT564S8D_OUT",4
"680","Total Kjeldahl Nitrogen water  (ug/L)","POT564S8D_OUT",4
"681","Total PAH water  (ug/L)","POT564S8D_OUT",4
"682","Total Phosphorus water  (ug/L)","POT564S8D_OUT",4
"683","Total Phthalate water  (ug/L)","POT564S8D_OUT",4
"684","Total Suspended Solids water  (ug/L)","POT564S8D_OUT",4
"685","Total TPHDx water  (ug/L)","POT564S8D_OUT",14
"686","TPHGx water  (ug/L)","POT564S8D_OUT",14
"687","Triclopyr water  (ug/L)","POT564S8D_OUT",4
"688","Zinc water  (ug/L)","POT564S8D_OUT",4
"689","Zinc water dissolved (ug/L)","POT564S8D_OUT",4
"690","1-Methylnaphthalene water  (ug/L)","SEAC1S8D_OUT",0
"691","2-Methylnaphthalene water  (ug/L)","SEAC1S8D_OUT",0
"692","2,4-D water  (ug/L)","SEAC1S8D_OUT",0
"693","Acenaphthene water  (ug/L)","SEAC1S8D_OUT",0
"694","Acenaphthylene water  (ug/L)","SEAC1S8D_OUT",0
"695","Ammonia water  (ug/L)","SEAC1S8D_OUT",0
"696","Anthracene water  (ug/L)","SEAC1S8D_OUT",0
"697","Benz(a)anthracene water  (ug/L)","SEAC1S8D_OUT",0
"698","Benzo(a)pyrene water  (ug/L)","SEAC1S8D_OUT",0
"699","Benzo(b)fluoranthene water  (ug/L)","SEAC1S8D_OUT",0
"700","Benzo(g,h,i)perylene water  (ug/L)","SEAC1S8D_OUT",0
"701","Benzo(k)fluoranthene water  (ug/L)","SEAC1S8D_OUT",0
"702","Benzofluoranthenes, Total water  (ug/L)","SEAC1S8D_OUT",0
"703","Bis(2-ethylhexyl) phthalate water  (ug/L)","SEAC1S8D_OUT",0
"704","Butyl benzyl phthalate water  (ug/L)","SEAC1S8D_OUT",0
"705","Cadmium water  (ug/L)","SEAC1S8D_OUT",0
"706","Cadmium water dissolved (ug/L)","SEAC1S8D_OUT",0
"707","Calcium water  (ug/L)","SEAC1S8D_OUT",0
"708","Chloride water  (ug/L)","SEAC1S8D_OUT",0
"709","Chlorpyrifos water  (ug/L)","SEAC1S8D_OUT",0
"710","Chrysene water  (ug/L)","SEAC1S8D_OUT",0
"711","Copper water  (ug/L)","SEAC1S8D_OUT",0
"712","Copper water dissolved (ug/L)","SEAC1S8D_OUT",0
"713","CPAH water  (ug/L)","SEAC1S8D_OUT",0
"714","Di-N-Octyl Phthalate water  (ug/L)","SEAC1S8D_OUT",0
"715","Diazinon water  (ug/L)","SEAC1S8D_OUT",0
"716","Dibenzo(a,h)anthracene water  (ug/L)","SEAC1S8D_OUT",0
"717","Dibutyl phthalate water  (ug/L)","SEAC1S8D_OUT",0
"718","Dichlobenil water  (ug/L)","SEAC1S8D_OUT",0
"719","Diesel Range Organics water  (ug/L)","SEAC1S8D_OUT",5
"720","Diethyl phthalate water  (ug/L)","SEAC1S8D_OUT",0
"721","Dimethyl phthalate water  (ug/L)","SEAC1S8D_OUT",0
"722","Fluoranthene water  (ug/L)","SEAC1S8D_OUT",0
"723","Fluorene water  (ug/L)","SEAC1S8D_OUT",0
"724","Gasoline Range Organics water  (ug/L)","SEAC1S8D_OUT",3
"725","Hardness as CaCO3 water  (ug/L)","SEAC1S8D_OUT",0
"726","HPAH water  (ug/L)","SEAC1S8D_OUT",0
"727","Indeno(1,2,3-cd)pyrene water  (ug/L)","SEAC1S8D_OUT",0
"728","Lead water  (ug/L)","SEAC1S8D_OUT",0
"729","Lead water dissolved (ug/L)","SEAC1S8D_OUT",0
"730","LPAH water  (ug/L)","SEAC1S8D_OUT",0
"731","Magnesium water  (ug/L)","SEAC1S8D_OUT",0
"732","Malathion water  (ug/L)","SEAC1S8D_OUT",0
"733","Mecoprop water  (ug/L)","SEAC1S8D_OUT",0
"734","Mercury water  (ug/L)","SEAC1S8D_OUT",0
"735","Mercury water dissolved (ug/L)","SEAC1S8D_OUT",0
"736","Motor Oil water  (ug/L)","SEAC1S8D_OUT",2
"737","Naphthalene water  (ug/L)","SEAC1S8D_OUT",0
"738","Nitrite-Nitrate water dissolved (ug/L)","SEAC1S8D_OUT",0
"739","Ortho-phosphate water dissolved (ug/L)","SEAC1S8D_OUT",0
"740","PCB-aroclor 1016 water  (ug/L)","SEAC1S8D_OUT",0
"741","PCB-aroclor 1221 water  (ug/L)","SEAC1S8D_OUT",0
"742","PCB-aroclor 1232 water  (ug/L)","SEAC1S8D_OUT",0
"743","PCB-aroclor 1242 water  (ug/L)","SEAC1S8D_OUT",0
"744","PCB-aroclor 1248 water  (ug/L)","SEAC1S8D_OUT",0
"745","PCB-aroclor 1254 water  (ug/L)","SEAC1S8D_OUT",0
"746","PCB-aroclor 1260 water  (ug/L)","SEAC1S8D_OUT",0
"747","Pentachlorophenol water  (ug/L)","SEAC1S8D_OUT",0
"748","Phenanthrene water  (ug/L)","SEAC1S8D_OUT",0
"749","Prometon water  (ug/L)","SEAC1S8D_OUT",0
"750","Pyrene water  (ug/L)","SEAC1S8D_OUT",0
"751","Surfactants water  (ug/L)","SEAC1S8D_OUT",0
"752","Total Benzofluoranthenes water  (ug/L)","SEAC1S8D_OUT",0
"753","Total Kjeldahl Nitrogen water  (ug/L)","SEAC1S8D_OUT",0
"754","Total PAH water  (ug/L)","SEAC1S8D_OUT",0
"755","Total PCB water  (ug/L)","SEAC1S8D_OUT",0
"756","Total Phosphorus water  (ug/L)","SEAC1S8D_OUT",0
"757","Total Phthalate water  (ug/L)","SEAC1S8D_OUT",0
"758","Total Suspended Solids water  (ug/L)","SEAC1S8D_OUT",0
"759","Total TPHDx water  (ug/L)","SEAC1S8D_OUT",5
"760","Triclopyr water  (ug/L)","SEAC1S8D_OUT",0
"761","Zinc water  (ug/L)","SEAC1S8D_OUT",0
"762","Zinc water dissolved (ug/L)","SEAC1S8D_OUT",0
"763","1-Methylnaphthalene water  (ug/L)","SEAI1S8D_OUT",0
"764","2-Methylnaphthalene water  (ug/L)","SEAI1S8D_OUT",0
"765","2,4-D water  (ug/L)","SEAI1S8D_OUT",0
"766","Acenaphthene water  (ug/L)","SEAI1S8D_OUT",0
"767","Acenaphthylene water  (ug/L)","SEAI1S8D_OUT",0
"768","Ammonia water  (ug/L)","SEAI1S8D_OUT",0
"769","Anthracene water  (ug/L)","SEAI1S8D_OUT",0
"770","Benz(a)anthracene water  (ug/L)","SEAI1S8D_OUT",0
"771","Benzo(a)pyrene water  (ug/L)","SEAI1S8D_OUT",0
"772","Benzo(b)fluoranthene water  (ug/L)","SEAI1S8D_OUT",0
"773","Benzo(g,h,i)perylene water  (ug/L)","SEAI1S8D_OUT",0
"774","Benzo(k)fluoranthene water  (ug/L)","SEAI1S8D_OUT",0
"775","Benzofluoranthenes, Total water  (ug/L)","SEAI1S8D_OUT",0
"776","Bis(2-ethylhexyl) phthalate water  (ug/L)","SEAI1S8D_OUT",0
"777","Butyl benzyl phthalate water  (ug/L)","SEAI1S8D_OUT",0
"778","Cadmium water  (ug/L)","SEAI1S8D_OUT",0
"779","Cadmium water dissolved (ug/L)","SEAI1S8D_OUT",0
"780","Calcium water  (ug/L)","SEAI1S8D_OUT",0
"781","Chloride water  (ug/L)","SEAI1S8D_OUT",0
"782","Chlorpyrifos water  (ug/L)","SEAI1S8D_OUT",0
"783","Chrysene water  (ug/L)","SEAI1S8D_OUT",0
"784","Copper water  (ug/L)","SEAI1S8D_OUT",0
"785","Copper water dissolved (ug/L)","SEAI1S8D_OUT",0
"786","CPAH water  (ug/L)","SEAI1S8D_OUT",0
"787","Di-N-Octyl Phthalate water  (ug/L)","SEAI1S8D_OUT",0
"788","Diazinon water  (ug/L)","SEAI1S8D_OUT",0
"789","Dibenzo(a,h)anthracene water  (ug/L)","SEAI1S8D_OUT",0
"790","Dibutyl phthalate water  (ug/L)","SEAI1S8D_OUT",0
"791","Dichlobenil water  (ug/L)","SEAI1S8D_OUT",0
"792","Diesel Range Organics water  (ug/L)","SEAI1S8D_OUT",1
"793","Diethyl phthalate water  (ug/L)","SEAI1S8D_OUT",0
"794","Dimethyl phthalate water  (ug/L)","SEAI1S8D_OUT",0
"795","Fluoranthene water  (ug/L)","SEAI1S8D_OUT",0
"796","Fluorene water  (ug/L)","SEAI1S8D_OUT",0
"797","Gasoline Range Organics water  (ug/L)","SEAI1S8D_OUT",1
"798","Hardness as CaCO3 water  (ug/L)","SEAI1S8D_OUT",0
"799","HPAH water  (ug/L)","SEAI1S8D_OUT",0
"800","Indeno(1,2,3-cd)pyrene water  (ug/L)","SEAI1S8D_OUT",0
"801","Lead water  (ug/L)","SEAI1S8D_OUT",0
"802","Lead water dissolved (ug/L)","SEAI1S8D_OUT",0
"803","LPAH water  (ug/L)","SEAI1S8D_OUT",0
"804","Magnesium water  (ug/L)","SEAI1S8D_OUT",0
"805","Malathion water  (ug/L)","SEAI1S8D_OUT",0
"806","Mecoprop water  (ug/L)","SEAI1S8D_OUT",0
"807","Mercury water  (ug/L)","SEAI1S8D_OUT",0
"808","Mercury water dissolved (ug/L)","SEAI1S8D_OUT",0
"809","Motor Oil water  (ug/L)","SEAI1S8D_OUT",2
"810","Naphthalene water  (ug/L)","SEAI1S8D_OUT",0
"811","Nitrite-Nitrate water dissolved (ug/L)","SEAI1S8D_OUT",0
"812","Ortho-phosphate water dissolved (ug/L)","SEAI1S8D_OUT",0
"813","PCB-aroclor 1016 water  (ug/L)","SEAI1S8D_OUT",0
"814","PCB-aroclor 1221 water  (ug/L)","SEAI1S8D_OUT",0
"815","PCB-aroclor 1232 water  (ug/L)","SEAI1S8D_OUT",0
"816","PCB-aroclor 1242 water  (ug/L)","SEAI1S8D_OUT",0
"817","PCB-aroclor 1248 water  (ug/L)","SEAI1S8D_OUT",0
"818","PCB-aroclor 1254 water  (ug/L)","SEAI1S8D_OUT",0
"819","PCB-aroclor 1260 water  (ug/L)","SEAI1S8D_OUT",0
"820","Pentachlorophenol water  (ug/L)","SEAI1S8D_OUT",0
"821","Phenanthrene water  (ug/L)","SEAI1S8D_OUT",0
"822","Prometon water  (ug/L)","SEAI1S8D_OUT",0
"823","Pyrene water  (ug/L)","SEAI1S8D_OUT",0
"824","Surfactants water  (ug/L)","SEAI1S8D_OUT",0
"825","Total Benzofluoranthenes water  (ug/L)","SEAI1S8D_OUT",0
"826","Total Kjeldahl Nitrogen water  (ug/L)","SEAI1S8D_OUT",0
"827","Total PAH water  (ug/L)","SEAI1S8D_OUT",0
"828","Total PCB water  (ug/L)","SEAI1S8D_OUT",0
"829","Total Phosphorus water  (ug/L)","SEAI1S8D_OUT",0
"830","Total Phthalate water  (ug/L)","SEAI1S8D_OUT",0
"831","Total Suspended Solids water  (ug/L)","SEAI1S8D_OUT",0
"832","Total TPHDx water  (ug/L)","SEAI1S8D_OUT",2
"833","Triclopyr water  (ug/L)","SEAI1S8D_OUT",0
"834","Zinc water  (ug/L)","SEAI1S8D_OUT",0
"835","Zinc water dissolved (ug/L)","SEAI1S8D_OUT",0
"836","1-Methylnaphthalene water  (ug/L)","SEAR1S8D_OUT",0
"837","2-Methylnaphthalene water  (ug/L)","SEAR1S8D_OUT",0
"838","2,4-D water  (ug/L)","SEAR1S8D_OUT",0
"839","Acenaphthene water  (ug/L)","SEAR1S8D_OUT",0
"840","Acenaphthylene water  (ug/L)","SEAR1S8D_OUT",0
"841","Ammonia water  (ug/L)","SEAR1S8D_OUT",0
"842","Anthracene water  (ug/L)","SEAR1S8D_OUT",0
"843","Benz(a)anthracene water  (ug/L)","SEAR1S8D_OUT",0
"844","Benzo(a)pyrene water  (ug/L)","SEAR1S8D_OUT",0
"845","Benzo(b)fluoranthene water  (ug/L)","SEAR1S8D_OUT",0
"846","Benzo(g,h,i)perylene water  (ug/L)","SEAR1S8D_OUT",0
"847","Benzo(k)fluoranthene water  (ug/L)","SEAR1S8D_OUT",0
"848","Benzofluoranthenes, Total water  (ug/L)","SEAR1S8D_OUT",0
"849","Bis(2-ethylhexyl) phthalate water  (ug/L)","SEAR1S8D_OUT",0
"850","Butyl benzyl phthalate water  (ug/L)","SEAR1S8D_OUT",0
"851","Cadmium water  (ug/L)","SEAR1S8D_OUT",0
"852","Cadmium water dissolved (ug/L)","SEAR1S8D_OUT",0
"853","Calcium water  (ug/L)","SEAR1S8D_OUT",0
"854","Chloride water  (ug/L)","SEAR1S8D_OUT",0
"855","Chlorpyrifos water  (ug/L)","SEAR1S8D_OUT",0
"856","Chrysene water  (ug/L)","SEAR1S8D_OUT",0
"857","Copper water  (ug/L)","SEAR1S8D_OUT",0
"858","Copper water dissolved (ug/L)","SEAR1S8D_OUT",0
"859","CPAH water  (ug/L)","SEAR1S8D_OUT",0
"860","Di-N-Octyl Phthalate water  (ug/L)","SEAR1S8D_OUT",0
"861","Diazinon water  (ug/L)","SEAR1S8D_OUT",0
"862","Dibenzo(a,h)anthracene water  (ug/L)","SEAR1S8D_OUT",0
"863","Dibutyl phthalate water  (ug/L)","SEAR1S8D_OUT",0
"864","Dichlobenil water  (ug/L)","SEAR1S8D_OUT",0
"865","Diesel Range Organics water  (ug/L)","SEAR1S8D_OUT",2
"866","Diethyl phthalate water  (ug/L)","SEAR1S8D_OUT",0
"867","Dimethyl phthalate water  (ug/L)","SEAR1S8D_OUT",0
"868","Fluoranthene water  (ug/L)","SEAR1S8D_OUT",0
"869","Fluorene water  (ug/L)","SEAR1S8D_OUT",0
"870","Gasoline Range Organics water  (ug/L)","SEAR1S8D_OUT",2
"871","Hardness as CaCO3 water  (ug/L)","SEAR1S8D_OUT",0
"872","HPAH water  (ug/L)","SEAR1S8D_OUT",0
"873","Indeno(1,2,3-cd)pyrene water  (ug/L)","SEAR1S8D_OUT",0
"874","Lead water  (ug/L)","SEAR1S8D_OUT",0
"875","Lead water dissolved (ug/L)","SEAR1S8D_OUT",0
"876","LPAH water  (ug/L)","SEAR1S8D_OUT",0
"877","Magnesium water  (ug/L)","SEAR1S8D_OUT",0
"878","Malathion water  (ug/L)","SEAR1S8D_OUT",0
"879","Mecoprop water  (ug/L)","SEAR1S8D_OUT",0
"880","Mercury water  (ug/L)","SEAR1S8D_OUT",0
"881","Mercury water dissolved (ug/L)","SEAR1S8D_OUT",0
"882","Motor Oil water  (ug/L)","SEAR1S8D_OUT",1
"883","Naphthalene water  (ug/L)","SEAR1S8D_OUT",0
"884","Nitrite-Nitrate water dissolved (ug/L)","SEAR1S8D_OUT",0
"885","Ortho-phosphate water dissolved (ug/L)","SEAR1S8D_OUT",0
"886","PCB-aroclor 1016 water  (ug/L)","SEAR1S8D_OUT",0
"887","PCB-aroclor 1221 water  (ug/L)","SEAR1S8D_OUT",0
"888","PCB-aroclor 1232 water  (ug/L)","SEAR1S8D_OUT",0
"889","PCB-aroclor 1242 water  (ug/L)","SEAR1S8D_OUT",0
"890","PCB-aroclor 1248 water  (ug/L)","SEAR1S8D_OUT",0
"891","PCB-aroclor 1254 water  (ug/L)","SEAR1S8D_OUT",0
"892","PCB-aroclor 1260 water  (ug/L)","SEAR1S8D_OUT",0
"893","Pentachlorophenol water  (ug/L)","SEAR1S8D_OUT",0
"894","Phenanthrene water  (ug/L)","SEAR1S8D_OUT",0
"895","Prometon water  (ug/L)","SEAR1S8D_OUT",0
"896","Pyrene water  (ug/L)","SEAR1S8D_OUT",0
"897","Surfactants water  (ug/L)","SEAR1S8D_OUT",0
"898","Total Benzofluoranthenes water  (ug/L)","SEAR1S8D_OUT",0
"899","Total Kjeldahl Nitrogen water  (ug/L)","SEAR1S8D_OUT",0
"900","Total PAH water  (ug/L)","SEAR1S8D_OUT",0
"901","Total PCB water  (ug/L)","SEAR1S8D_OUT",0
"902","Total Phosphorus water  (ug/L)","SEAR1S8D_OUT",0
"903","Total Phthalate water  (ug/L)","SEAR1S8D_OUT",0
"904","Total Suspended Solids water  (ug/L)","SEAR1S8D_OUT",0
"905","Total TPHDx water  (ug/L)","SEAR1S8D_OUT",2
"906","Triclopyr water  (ug/L)","SEAR1S8D_OUT",0
"907","Zinc water  (ug/L)","SEAR1S8D_OUT",0
"908","Zinc water dissolved (ug/L)","SEAR1S8D_OUT",0
"909","1-Methylnaphthalene water  (ug/L)","SNO_COM",0
"910","2-Methylnaphthalene water  (ug/L)","SNO_COM",3
"911","2,4-D water  (ug/L)","SNO_COM",3
"912","Acenaphthene water  (ug/L)","SNO_COM",3
"913","Acenaphthylene water  (ug/L)","SNO_COM",3
"914","Anthracene water  (ug/L)","SNO_COM",3
"915","Benzene water  (ug/L)","SNO_COM",8
"916","Benzo(a)pyrene water  (ug/L)","SNO_COM",3
"917","Benzo(b)fluoranthene water  (ug/L)","SNO_COM",3
"918","Benzo(g,h,i)perylene water  (ug/L)","SNO_COM",3
"919","Benzo(k)fluoranthene water  (ug/L)","SNO_COM",3
"920","Bis(2-ethylhexyl) phthalate water  (ug/L)","SNO_COM",3
"921","BTEX water  (ug/L)","SNO_COM",8
"922","Butyl benzyl phthalate water  (ug/L)","SNO_COM",3
"923","Cadmium water  (ug/L)","SNO_COM",3
"924","Cadmium water dissolved (ug/L)","SNO_COM",3
"925","Calcium water  (ug/L)","SNO_COM",3
"926","Chloride water  (ug/L)","SNO_COM",2
"927","Chlorpyrifos water  (ug/L)","SNO_COM",3
"928","Chrysene water  (ug/L)","SNO_COM",3
"929","Copper water  (ug/L)","SNO_COM",3
"930","Copper water dissolved (ug/L)","SNO_COM",2
"931","CPAH water  (ug/L)","SNO_COM",3
"932","Di-N-Octyl Phthalate water  (ug/L)","SNO_COM",3
"933","Diazinon water  (ug/L)","SNO_COM",3
"934","Dibenzo(a,h)anthracene water  (ug/L)","SNO_COM",3
"935","Dibutyl phthalate water  (ug/L)","SNO_COM",3
"936","Dichlobenil water  (ug/L)","SNO_COM",3
"937","Diesel Range Organics water  (ug/L)","SNO_COM",8
"938","Diethyl phthalate water  (ug/L)","SNO_COM",3
"939","Dimethyl phthalate water  (ug/L)","SNO_COM",3
"940","Ethylbenzene water  (ug/L)","SNO_COM",8
"941","Fluoranthene water  (ug/L)","SNO_COM",3
"942","Fluorene water  (ug/L)","SNO_COM",3
"943","Gasoline Range Organics water  (ug/L)","SNO_COM",8
"944","Hardness as CaCO3 water  (ug/L)","SNO_COM",3
"945","Heavy Fuel Oil water  (ug/L)","SNO_COM",8
"946","HPAH water  (ug/L)","SNO_COM",3
"947","Indeno(1,2,3-cd)pyrene water  (ug/L)","SNO_COM",3
"948","Lead water  (ug/L)","SNO_COM",3
"949","Lead water dissolved (ug/L)","SNO_COM",3
"950","LPAH water  (ug/L)","SNO_COM",3
"951","Magnesium water  (ug/L)","SNO_COM",3
"952","Malathion water  (ug/L)","SNO_COM",3
"953","Mecoprop water  (ug/L)","SNO_COM",3
"954","Mercury water  (ug/L)","SNO_COM",2
"955","Mercury water dissolved (ug/L)","SNO_COM",2
"956","Naphthalene water  (ug/L)","SNO_COM",3
"957","Nitrite-Nitrate water dissolved (ug/L)","SNO_COM",3
"958","Ortho-phosphate water dissolved (ug/L)","SNO_COM",3
"959","Pentachlorophenol water  (ug/L)","SNO_COM",3
"960","Phenanthrene water  (ug/L)","SNO_COM",3
"961","Prometon water  (ug/L)","SNO_COM",3
"962","Pyrene water  (ug/L)","SNO_COM",3
"963","Surfactants water  (ug/L)","SNO_COM",3
"964","Toluene water  (ug/L)","SNO_COM",8
"965","Total Benzofluoranthenes water  (ug/L)","SNO_COM",3
"966","Total Kjeldahl Nitrogen water  (ug/L)","SNO_COM",3
"967","Total PAH water  (ug/L)","SNO_COM",3
"968","Total Phosphorus water  (ug/L)","SNO_COM",3
"969","Total Phthalate water  (ug/L)","SNO_COM",3
"970","Total Suspended Solids water  (ug/L)","SNO_COM",3
"971","Total TPHDx water  (ug/L)","SNO_COM",8
"972","Total Xylenes water  (ug/L)","SNO_COM",8
"973","Triclopyr water  (ug/L)","SNO_COM",3
"974","Zinc water  (ug/L)","SNO_COM",3
"975","Zinc water dissolved (ug/L)","SNO_COM",2
"976","1-Methylnaphthalene water  (ug/L)","SNO_HDR",0
"977","2-Methylnaphthalene water  (ug/L)","SNO_HDR",1
"978","2,4-D water  (ug/L)","SNO_HDR",1
"979","Acenaphthene water  (ug/L)","SNO_HDR",1
"980","Acenaphthylene water  (ug/L)","SNO_HDR",1
"981","Anthracene water  (ug/L)","SNO_HDR",1
"982","Benzene water  (ug/L)","SNO_HDR",7
"983","Benzo(a)pyrene water  (ug/L)","SNO_HDR",1
"984","Benzo(b)fluoranthene water  (ug/L)","SNO_HDR",1
"985","Benzo(g,h,i)perylene water  (ug/L)","SNO_HDR",1
"986","Benzo(k)fluoranthene water  (ug/L)","SNO_HDR",1
"987","Bis(2-ethylhexyl) phthalate water  (ug/L)","SNO_HDR",1
"988","BTEX water  (ug/L)","SNO_HDR",7
"989","Butyl benzyl phthalate water  (ug/L)","SNO_HDR",1
"990","Cadmium water  (ug/L)","SNO_HDR",1
"991","Cadmium water dissolved (ug/L)","SNO_HDR",0
"992","Calcium water  (ug/L)","SNO_HDR",1
"993","Chloride water  (ug/L)","SNO_HDR",1
"994","Chlorpyrifos water  (ug/L)","SNO_HDR",1
"995","Chrysene water  (ug/L)","SNO_HDR",1
"996","Copper water  (ug/L)","SNO_HDR",1
"997","Copper water dissolved (ug/L)","SNO_HDR",1
"998","CPAH water  (ug/L)","SNO_HDR",1
"999","Di-N-Octyl Phthalate water  (ug/L)","SNO_HDR",1
"1000","Diazinon water  (ug/L)","SNO_HDR",1
"1001","Dibenzo(a,h)anthracene water  (ug/L)","SNO_HDR",1
"1002","Dibutyl phthalate water  (ug/L)","SNO_HDR",1
"1003","Dichlobenil water  (ug/L)","SNO_HDR",1
"1004","Diesel Range Organics water  (ug/L)","SNO_HDR",7
"1005","Diethyl phthalate water  (ug/L)","SNO_HDR",1
"1006","Dimethyl phthalate water  (ug/L)","SNO_HDR",1
"1007","Ethylbenzene water  (ug/L)","SNO_HDR",7
"1008","Fluoranthene water  (ug/L)","SNO_HDR",1
"1009","Fluorene water  (ug/L)","SNO_HDR",1
"1010","Gasoline Range Organics water  (ug/L)","SNO_HDR",7
"1011","Hardness as CaCO3 water  (ug/L)","SNO_HDR",1
"1012","Heavy Fuel Oil water  (ug/L)","SNO_HDR",7
"1013","HPAH water  (ug/L)","SNO_HDR",1
"1014","Indeno(1,2,3-cd)pyrene water  (ug/L)","SNO_HDR",1
"1015","Lead water  (ug/L)","SNO_HDR",1
"1016","Lead water dissolved (ug/L)","SNO_HDR",1
"1017","LPAH water  (ug/L)","SNO_HDR",1
"1018","Magnesium water  (ug/L)","SNO_HDR",1
"1019","Malathion water  (ug/L)","SNO_HDR",1
"1020","Mecoprop water  (ug/L)","SNO_HDR",1
"1021","Mercury water  (ug/L)","SNO_HDR",0
"1022","Mercury water dissolved (ug/L)","SNO_HDR",0
"1023","Naphthalene water  (ug/L)","SNO_HDR",1
"1024","Nitrite-Nitrate water dissolved (ug/L)","SNO_HDR",1
"1025","Ortho-phosphate water dissolved (ug/L)","SNO_HDR",1
"1026","Pentachlorophenol water  (ug/L)","SNO_HDR",1
"1027","Phenanthrene water  (ug/L)","SNO_HDR",1
"1028","Prometon water  (ug/L)","SNO_HDR",1
"1029","Pyrene water  (ug/L)","SNO_HDR",1
"1030","Surfactants water  (ug/L)","SNO_HDR",1
"1031","Toluene water  (ug/L)","SNO_HDR",7
"1032","Total Benzofluoranthenes water  (ug/L)","SNO_HDR",1
"1033","Total Kjeldahl Nitrogen water  (ug/L)","SNO_HDR",1
"1034","Total PAH water  (ug/L)","SNO_HDR",1
"1035","Total Phosphorus water  (ug/L)","SNO_HDR",1
"1036","Total Phthalate water  (ug/L)","SNO_HDR",1
"1037","Total Suspended Solids water  (ug/L)","SNO_HDR",1
"1038","Total TPHDx water  (ug/L)","SNO_HDR",7
"1039","Total Xylenes water  (ug/L)","SNO_HDR",7
"1040","Triclopyr water  (ug/L)","SNO_HDR",1
"1041","Zinc water  (ug/L)","SNO_HDR",1
"1042","Zinc water dissolved (ug/L)","SNO_HDR",1
"1043","1-Methylnaphthalene water  (ug/L)","SNO_LDR",3
"1044","2-Methylnaphthalene water  (ug/L)","SNO_LDR",6
"1045","2,4-D water  (ug/L)","SNO_LDR",6
"1046","Acenaphthene water  (ug/L)","SNO_LDR",6
"1047","Acenaphthylene water  (ug/L)","SNO_LDR",6
"1048","Anthracene water  (ug/L)","SNO_LDR",6
"1049","Benzene water  (ug/L)","SNO_LDR",17
"1050","Benzo(a)pyrene water  (ug/L)","SNO_LDR",6
"1051","Benzo(b)fluoranthene water  (ug/L)","SNO_LDR",6
"1052","Benzo(g,h,i)perylene water  (ug/L)","SNO_LDR",6
"1053","Benzo(k)fluoranthene water  (ug/L)","SNO_LDR",6
"1054","Bis(2-ethylhexyl) phthalate water  (ug/L)","SNO_LDR",6
"1055","BTEX water  (ug/L)","SNO_LDR",17
"1056","Butyl benzyl phthalate water  (ug/L)","SNO_LDR",6
"1057","Cadmium water  (ug/L)","SNO_LDR",6
"1058","Cadmium water dissolved (ug/L)","SNO_LDR",6
"1059","Calcium water  (ug/L)","SNO_LDR",6
"1060","Chloride water  (ug/L)","SNO_LDR",6
"1061","Chlorpyrifos water  (ug/L)","SNO_LDR",6
"1062","Chrysene water  (ug/L)","SNO_LDR",6
"1063","Copper water  (ug/L)","SNO_LDR",6
"1064","Copper water dissolved (ug/L)","SNO_LDR",4
"1065","CPAH water  (ug/L)","SNO_LDR",7
"1066","Di-N-Octyl Phthalate water  (ug/L)","SNO_LDR",6
"1067","Diazinon water  (ug/L)","SNO_LDR",6
"1068","Dibenzo(a,h)anthracene water  (ug/L)","SNO_LDR",6
"1069","Dibutyl phthalate water  (ug/L)","SNO_LDR",6
"1070","Dichlobenil water  (ug/L)","SNO_LDR",6
"1071","Diesel Range Organics water  (ug/L)","SNO_LDR",17
"1072","Diethyl phthalate water  (ug/L)","SNO_LDR",6
"1073","Dimethyl phthalate water  (ug/L)","SNO_LDR",6
"1074","Ethylbenzene water  (ug/L)","SNO_LDR",17
"1075","Fluoranthene water  (ug/L)","SNO_LDR",6
"1076","Fluorene water  (ug/L)","SNO_LDR",6
"1077","Gasoline Range Organics water  (ug/L)","SNO_LDR",17
"1078","Hardness as CaCO3 water  (ug/L)","SNO_LDR",6
"1079","Heavy Fuel Oil water  (ug/L)","SNO_LDR",16
"1080","HPAH water  (ug/L)","SNO_LDR",7
"1081","Indeno(1,2,3-cd)pyrene water  (ug/L)","SNO_LDR",6
"1082","Lead water  (ug/L)","SNO_LDR",6
"1083","Lead water dissolved (ug/L)","SNO_LDR",6
"1084","LPAH water  (ug/L)","SNO_LDR",7
"1085","Magnesium water  (ug/L)","SNO_LDR",6
"1086","Malathion water  (ug/L)","SNO_LDR",6
"1087","Mecoprop water  (ug/L)","SNO_LDR",6
"1088","Mercury water  (ug/L)","SNO_LDR",2
"1089","Mercury water dissolved (ug/L)","SNO_LDR",2
"1090","Naphthalene water  (ug/L)","SNO_LDR",6
"1091","Nitrite-Nitrate water dissolved (ug/L)","SNO_LDR",6
"1092","Ortho-phosphate water dissolved (ug/L)","SNO_LDR",6
"1093","Pentachlorophenol water  (ug/L)","SNO_LDR",6
"1094","Phenanthrene water  (ug/L)","SNO_LDR",6
"1095","Prometon water  (ug/L)","SNO_LDR",6
"1096","Pyrene water  (ug/L)","SNO_LDR",6
"1097","Surfactants water  (ug/L)","SNO_LDR",6
"1098","Toluene water  (ug/L)","SNO_LDR",17
"1099","Total Benzofluoranthenes water  (ug/L)","SNO_LDR",7
"1100","Total Kjeldahl Nitrogen water  (ug/L)","SNO_LDR",6
"1101","Total PAH water  (ug/L)","SNO_LDR",7
"1102","Total Phosphorus water  (ug/L)","SNO_LDR",6
"1103","Total Phthalate water  (ug/L)","SNO_LDR",7
"1104","Total Suspended Solids water  (ug/L)","SNO_LDR",6
"1105","Total TPHDx water  (ug/L)","SNO_LDR",17
"1106","Total Xylenes water  (ug/L)","SNO_LDR",17
"1107","Triclopyr water  (ug/L)","SNO_LDR",6
"1108","Zinc water  (ug/L)","SNO_LDR",6
"1109","Zinc water dissolved (ug/L)","SNO_LDR",3
"1110","2-Methylnaphthalene water  (ug/L)","TAC001S8D_OF235",0
"1111","2,4-D water  (ug/L)","TAC001S8D_OF235",0
"1112","Acenaphthene water  (ug/L)","TAC001S8D_OF235",0
"1113","Acenaphthylene water  (ug/L)","TAC001S8D_OF235",0
"1114","Anthracene water  (ug/L)","TAC001S8D_OF235",0
"1115","Benz(a)anthracene water  (ug/L)","TAC001S8D_OF235",0
"1116","Benzo(a)pyrene water  (ug/L)","TAC001S8D_OF235",0
"1117","Benzo(b,k)fluoranthene water  (ug/L)","TAC001S8D_OF235",0
"1118","Benzo(g,h,i)perylene water  (ug/L)","TAC001S8D_OF235",0
"1119","Bis(2-ethylhexyl) phthalate water  (ug/L)","TAC001S8D_OF235",0
"1120","Butyl benzyl phthalate water  (ug/L)","TAC001S8D_OF235",0
"1121","Cadmium water  (ug/L)","TAC001S8D_OF235",0
"1122","Cadmium water dissolved (ug/L)","TAC001S8D_OF235",0
"1123","Chloride water  (ug/L)","TAC001S8D_OF235",0
"1124","Chlorpyrifos water  (ug/L)","TAC001S8D_OF235",0
"1125","Chrysene water  (ug/L)","TAC001S8D_OF235",0
"1126","Copper water  (ug/L)","TAC001S8D_OF235",0
"1127","Copper water dissolved (ug/L)","TAC001S8D_OF235",0
"1128","CPAH water  (ug/L)","TAC001S8D_OF235",3
"1129","Di-N-Octyl Phthalate water  (ug/L)","TAC001S8D_OF235",0
"1130","Diazinon water  (ug/L)","TAC001S8D_OF235",0
"1131","Dibenzo(a,h)anthracene water  (ug/L)","TAC001S8D_OF235",0
"1132","Dibutyl phthalate water  (ug/L)","TAC001S8D_OF235",0
"1133","Dichlobenil water  (ug/L)","TAC001S8D_OF235",0
"1134","Diesel Range Organics water  (ug/L)","TAC001S8D_OF235",10
"1135","Diethyl phthalate water  (ug/L)","TAC001S8D_OF235",0
"1136","Dimethyl phthalate water  (ug/L)","TAC001S8D_OF235",0
"1137","Fluoranthene water  (ug/L)","TAC001S8D_OF235",0
"1138","Fluorene water  (ug/L)","TAC001S8D_OF235",0
"1139","Gasoline Range Organics water  (ug/L)","TAC001S8D_OF235",10
"1140","Hardness as CaCO3 water  (ug/L)","TAC001S8D_OF235",0
"1141","Heavy Fuel Oil water  (ug/L)","TAC001S8D_OF235",10
"1142","HPAH water  (ug/L)","TAC001S8D_OF235",3
"1143","Indeno(1,2,3-cd)pyrene water  (ug/L)","TAC001S8D_OF235",0
"1144","Lead water  (ug/L)","TAC001S8D_OF235",0
"1145","Lead water dissolved (ug/L)","TAC001S8D_OF235",0
"1146","LPAH water  (ug/L)","TAC001S8D_OF235",3
"1147","Malathion water  (ug/L)","TAC001S8D_OF235",0
"1148","Mecoprop water  (ug/L)","TAC001S8D_OF235",0
"1149","Mercury water  (ug/L)","TAC001S8D_OF235",0
"1150","Mercury water dissolved (ug/L)","TAC001S8D_OF235",0
"1151","Naphthalene water  (ug/L)","TAC001S8D_OF235",0
"1152","Nitrite-Nitrate water dissolved (ug/L)","TAC001S8D_OF235",0
"1153","Ortho-phosphate water dissolved (ug/L)","TAC001S8D_OF235",0
"1154","Pentachlorophenol water  (ug/L)","TAC001S8D_OF235",0
"1155","Phenanthrene water  (ug/L)","TAC001S8D_OF235",0
"1156","Prometon water  (ug/L)","TAC001S8D_OF235",0
"1157","Pyrene water  (ug/L)","TAC001S8D_OF235",0
"1158","Surfactants water  (ug/L)","TAC001S8D_OF235",0
"1159","Total Benzofluoranthenes water  (ug/L)","TAC001S8D_OF235",3
"1160","Total Kjeldahl Nitrogen water  (ug/L)","TAC001S8D_OF235",0
"1161","Total PAH water  (ug/L)","TAC001S8D_OF235",3
"1162","Total Phosphorus water  (ug/L)","TAC001S8D_OF235",0
"1163","Total Phthalate water  (ug/L)","TAC001S8D_OF235",3
"1164","Total Suspended Solids water  (ug/L)","TAC001S8D_OF235",0
"1165","Total TPHDx water  (ug/L)","TAC001S8D_OF235",10
"1166","Triclopyr water  (ug/L)","TAC001S8D_OF235",0
"1167","Zinc water  (ug/L)","TAC001S8D_OF235",0
"1168","Zinc water dissolved (ug/L)","TAC001S8D_OF235",0
"1169","2-Methylnaphthalene water  (ug/L)","TAC003S8D_OF245",0
"1170","2,4-D water  (ug/L)","TAC003S8D_OF245",0
"1171","Acenaphthene water  (ug/L)","TAC003S8D_OF245",0
"1172","Acenaphthylene water  (ug/L)","TAC003S8D_OF245",0
"1173","Anthracene water  (ug/L)","TAC003S8D_OF245",0
"1174","Benz(a)anthracene water  (ug/L)","TAC003S8D_OF245",0
"1175","Benzo(a)pyrene water  (ug/L)","TAC003S8D_OF245",0
"1176","Benzo(b,k)fluoranthene water  (ug/L)","TAC003S8D_OF245",0
"1177","Benzo(g,h,i)perylene water  (ug/L)","TAC003S8D_OF245",0
"1178","Bis(2-ethylhexyl) phthalate water  (ug/L)","TAC003S8D_OF245",0
"1179","Butyl benzyl phthalate water  (ug/L)","TAC003S8D_OF245",0
"1180","Cadmium water  (ug/L)","TAC003S8D_OF245",0
"1181","Cadmium water dissolved (ug/L)","TAC003S8D_OF245",0
"1182","Chloride water  (ug/L)","TAC003S8D_OF245",0
"1183","Chlorpyrifos water  (ug/L)","TAC003S8D_OF245",0
"1184","Chrysene water  (ug/L)","TAC003S8D_OF245",0
"1185","Copper water  (ug/L)","TAC003S8D_OF245",0
"1186","Copper water dissolved (ug/L)","TAC003S8D_OF245",0
"1187","CPAH water  (ug/L)","TAC003S8D_OF245",1
"1188","Di-N-Octyl Phthalate water  (ug/L)","TAC003S8D_OF245",0
"1189","Diazinon water  (ug/L)","TAC003S8D_OF245",0
"1190","Dibenzo(a,h)anthracene water  (ug/L)","TAC003S8D_OF245",0
"1191","Dibutyl phthalate water  (ug/L)","TAC003S8D_OF245",0
"1192","Dichlobenil water  (ug/L)","TAC003S8D_OF245",0
"1193","Diesel Range Organics water  (ug/L)","TAC003S8D_OF245",6
"1194","Diethyl phthalate water  (ug/L)","TAC003S8D_OF245",0
"1195","Dimethyl phthalate water  (ug/L)","TAC003S8D_OF245",0
"1196","Fluoranthene water  (ug/L)","TAC003S8D_OF245",0
"1197","Fluorene water  (ug/L)","TAC003S8D_OF245",0
"1198","Gasoline Range Organics water  (ug/L)","TAC003S8D_OF245",7
"1199","Hardness as CaCO3 water  (ug/L)","TAC003S8D_OF245",0
"1200","Heavy Fuel Oil water  (ug/L)","TAC003S8D_OF245",6
"1201","HPAH water  (ug/L)","TAC003S8D_OF245",1
"1202","Indeno(1,2,3-cd)pyrene water  (ug/L)","TAC003S8D_OF245",0
"1203","Lead water  (ug/L)","TAC003S8D_OF245",0
"1204","Lead water dissolved (ug/L)","TAC003S8D_OF245",0
"1205","LPAH water  (ug/L)","TAC003S8D_OF245",1
"1206","Malathion water  (ug/L)","TAC003S8D_OF245",0
"1207","Mecoprop water  (ug/L)","TAC003S8D_OF245",0
"1208","Mercury water  (ug/L)","TAC003S8D_OF245",0
"1209","Mercury water dissolved (ug/L)","TAC003S8D_OF245",0
"1210","Naphthalene water  (ug/L)","TAC003S8D_OF245",0
"1211","Nitrite-Nitrate water dissolved (ug/L)","TAC003S8D_OF245",0
"1212","Ortho-phosphate water dissolved (ug/L)","TAC003S8D_OF245",0
"1213","Pentachlorophenol water  (ug/L)","TAC003S8D_OF245",0
"1214","Phenanthrene water  (ug/L)","TAC003S8D_OF245",0
"1215","Prometon water  (ug/L)","TAC003S8D_OF245",0
"1216","Pyrene water  (ug/L)","TAC003S8D_OF245",0
"1217","Surfactants water  (ug/L)","TAC003S8D_OF245",0
"1218","Total Benzofluoranthenes water  (ug/L)","TAC003S8D_OF245",1
"1219","Total Kjeldahl Nitrogen water  (ug/L)","TAC003S8D_OF245",0
"1220","Total PAH water  (ug/L)","TAC003S8D_OF245",1
"1221","Total Phosphorus water  (ug/L)","TAC003S8D_OF245",0
"1222","Total Phthalate water  (ug/L)","TAC003S8D_OF245",1
"1223","Total Suspended Solids water  (ug/L)","TAC003S8D_OF245",0
"1224","Total TPHDx water  (ug/L)","TAC003S8D_OF245",6
"1225","Triclopyr water  (ug/L)","TAC003S8D_OF245",0
"1226","Zinc water  (ug/L)","TAC003S8D_OF245",0
"1227","Zinc water dissolved (ug/L)","TAC003S8D_OF245",0
"1228","2-Methylnaphthalene water  (ug/L)","TFWFD1",0
"1229","2,4-D water  (ug/L)","TFWFD1",0
"1230","Acenaphthene water  (ug/L)","TFWFD1",0
"1231","Acenaphthylene water  (ug/L)","TFWFD1",0
"1232","Anthracene water  (ug/L)","TFWFD1",0
"1233","Benz(a)anthracene water  (ug/L)","TFWFD1",0
"1234","Benzo(a)pyrene water  (ug/L)","TFWFD1",0
"1235","Benzo(b,k)fluoranthene water  (ug/L)","TFWFD1",0
"1236","Benzo(g,h,i)perylene water  (ug/L)","TFWFD1",0
"1237","Bis(2-ethylhexyl) phthalate water  (ug/L)","TFWFD1",0
"1238","Butyl benzyl phthalate water  (ug/L)","TFWFD1",0
"1239","Cadmium water  (ug/L)","TFWFD1",0
"1240","Cadmium water dissolved (ug/L)","TFWFD1",0
"1241","Chloride water  (ug/L)","TFWFD1",0
"1242","Chlorpyrifos water  (ug/L)","TFWFD1",0
"1243","Chrysene water  (ug/L)","TFWFD1",0
"1244","Copper water  (ug/L)","TFWFD1",0
"1245","Copper water dissolved (ug/L)","TFWFD1",0
"1246","CPAH water  (ug/L)","TFWFD1",0
"1247","Di-N-Octyl Phthalate water  (ug/L)","TFWFD1",0
"1248","Diazinon water  (ug/L)","TFWFD1",0
"1249","Dibenzo(a,h)anthracene water  (ug/L)","TFWFD1",0
"1250","Dibutyl phthalate water  (ug/L)","TFWFD1",0
"1251","Dichlobenil water  (ug/L)","TFWFD1",0
"1252","Diesel Range Organics water  (ug/L)","TFWFD1",18
"1253","Diethyl phthalate water  (ug/L)","TFWFD1",0
"1254","Dimethyl phthalate water  (ug/L)","TFWFD1",0
"1255","Fluoranthene water  (ug/L)","TFWFD1",0
"1256","Fluorene water  (ug/L)","TFWFD1",0
"1257","Gasoline Range Organics water  (ug/L)","TFWFD1",18
"1258","Hardness as CaCO3 water  (ug/L)","TFWFD1",0
"1259","Heavy Fuel Oil water  (ug/L)","TFWFD1",18
"1260","HPAH water  (ug/L)","TFWFD1",0
"1261","Indeno(1,2,3-cd)pyrene water  (ug/L)","TFWFD1",0
"1262","Lead water  (ug/L)","TFWFD1",0
"1263","Lead water dissolved (ug/L)","TFWFD1",0
"1264","LPAH water  (ug/L)","TFWFD1",0
"1265","Malathion water  (ug/L)","TFWFD1",0
"1266","Mecoprop water  (ug/L)","TFWFD1",0
"1267","Mercury water  (ug/L)","TFWFD1",0
"1268","Mercury water dissolved (ug/L)","TFWFD1",0
"1269","Naphthalene water  (ug/L)","TFWFD1",0
"1270","Nitrite-Nitrate water dissolved (ug/L)","TFWFD1",0
"1271","Ortho-phosphate water dissolved (ug/L)","TFWFD1",0
"1272","Pentachlorophenol water  (ug/L)","TFWFD1",0
"1273","Phenanthrene water  (ug/L)","TFWFD1",0
"1274","Prometon water  (ug/L)","TFWFD1",0
"1275","Pyrene water  (ug/L)","TFWFD1",0
"1276","Surfactants water  (ug/L)","TFWFD1",0
"1277","Total Benzofluoranthenes water  (ug/L)","TFWFD1",0
"1278","Total Kjeldahl Nitrogen water  (ug/L)","TFWFD1",0
"1279","Total PAH water  (ug/L)","TFWFD1",0
"1280","Total Phosphorus water  (ug/L)","TFWFD1",0
"1281","Total Phthalate water  (ug/L)","TFWFD1",0
"1282","Total Suspended Solids water  (ug/L)","TFWFD1",0
"1283","Total TPHDx water  (ug/L)","TFWFD1",18
"1284","Triclopyr water  (ug/L)","TFWFD1",0
"1285","Zinc water  (ug/L)","TFWFD1",0
"1286","Zinc water dissolved (ug/L)","TFWFD1",0
